LH_Vis_1,-34.6809,-36.2043,-23.7957,left,Vis,Schaefer1000
LH_Vis_2,-34.1909,-51.2455,-18.7091,left,Vis,Schaefer1000
LH_Vis_3,-25.6346,-44.5192,-14.5385,left,Vis,Schaefer1000
LH_Vis_4,-28.0153,-62.7634,-12.3664,left,Vis,Schaefer1000
LH_Vis_5,-30.7297,-42.5946,-9.0270,left,Vis,Schaefer1000
LH_Vis_6,-34.3280,-68.6243,-15.7778,left,Vis,Schaefer1000
LH_Vis_7,-45.2364,-66.7636,-17.6000,left,Vis,Schaefer1000
LH_Vis_8,-24.8595,-57.2645,-8.7851,left,Vis,Schaefer1000
LH_Vis_9,-35.9651,-80.0116,-14.7442,left,Vis,Schaefer1000
LH_Vis_10,-25.7849,-80.3871,-13.0968,left,Vis,Schaefer1000
LH_Vis_11,-21.2500,-73.9815,-8.8611,left,Vis,Schaefer1000
LH_Vis_12,-44.9455,-72.1455,-10.9673,left,Vis,Schaefer1000
LH_Vis_13,-21.5238,-50.0317,-6.1111,left,Vis,Schaefer1000
LH_Vis_14,-20.1909,-88.3091,-16.1636,left,Vis,Schaefer1000
LH_Vis_15,-42.3694,-83.6943,-14.1911,left,Vis,Schaefer1000
LH_Vis_16,-13.8421,-70.9211,-9.5263,left,Vis,Schaefer1000
LH_Vis_17,-13.1311,-83.4098,-14.2951,left,Vis,Schaefer1000
LH_Vis_18,-30.8000,-90.8533,-17.9467,left,Vis,Schaefer1000
LH_Vis_19,-14.6667,-63.5556,-5.3580,left,Vis,Schaefer1000
LH_Vis_20,-15.6061,-37.7273,-10.7879,left,Vis,Schaefer1000
LH_Vis_21,-45.9115,-71.2920,-2.8673,left,Vis,Schaefer1000
LH_Vis_22,-13.2464,-49.7681,-6.9855,left,Vis,Schaefer1000
LH_Vis_23,-6.4387,-78.4387,-7.0581,left,Vis,Schaefer1000
LH_Vis_24,-34.5072,-91.7101,-9.5797,left,Vis,Schaefer1000
LH_Vis_25,-10.1584,-60.8515,-2.8713,left,Vis,Schaefer1000
LH_Vis_26,-6.1913,-70.5739,-2.0000,left,Vis,Schaefer1000
LH_Vis_27,-4.4851,-89.8614,-12.2871,left,Vis,Schaefer1000
LH_Vis_28,-20.4571,-99.2000,-11.8540,left,Vis,Schaefer1000
LH_Vis_29,-45.5487,-81.8359,-1.3128,left,Vis,Schaefer1000
LH_Vis_30,-10.0654,-97.5817,-12.0654,left,Vis,Schaefer1000
LH_Vis_31,-13.4940,-41.6627,-4.5060,left,Vis,Schaefer1000
LH_Vis_32,-7.4286,-61.1429,2.9048,left,Vis,Schaefer1000
LH_Vis_33,-29.3750,-95.9286,-2.4286,left,Vis,Schaefer1000
LH_Vis_34,-36.4359,-89.1923,0.9231,left,Vis,Schaefer1000
LH_Vis_35,-4.6966,-79.5281,2.0000,left,Vis,Schaefer1000
LH_Vis_36,-43.9876,-70.7826,6.6211,left,Vis,Schaefer1000
LH_Vis_37,-4.8710,-68.4839,6.4839,left,Vis,Schaefer1000
LH_Vis_38,-16.4521,-55.2603,0.7397,left,Vis,Schaefer1000
LH_Vis_39,-8.2258,-94.5968,-2.0806,left,Vis,Schaefer1000
LH_Vis_40,-6.0638,-102.9787,-1.0638,left,Vis,Schaefer1000
LH_Vis_41,-12.2388,-45.8209,2.2687,left,Vis,Schaefer1000
LH_Vis_42,-48.1491,-77.9130,8.9193,left,Vis,Schaefer1000
LH_Vis_43,-5.9412,-87.5647,1.9647,left,Vis,Schaefer1000
LH_Vis_44,-17.8721,-102.0930,2.9070,left,Vis,Schaefer1000
LH_Vis_45,-43.2895,-85.5263,10.1316,left,Vis,Schaefer1000
LH_Vis_46,-16.9268,-68.0488,4.0732,left,Vis,Schaefer1000
LH_Vis_47,-11.0560,-74.7680,8.7680,left,Vis,Schaefer1000
LH_Vis_48,-13.4737,-50.4737,4.9474,left,Vis,Schaefer1000
LH_Vis_49,-24.7774,-94.9585,7.9094,left,Vis,Schaefer1000
LH_Vis_50,-21.6610,-59.0847,5.2881,left,Vis,Schaefer1000
LH_Vis_51,-6.6250,-81.0208,9.8333,left,Vis,Schaefer1000
LH_Vis_52,-2.0851,-94.5532,4.5745,left,Vis,Schaefer1000
LH_Vis_53,-32.2081,-87.7557,9.6109,left,Vis,Schaefer1000
LH_Vis_54,-8.7609,-99.8913,10.9022,left,Vis,Schaefer1000
LH_Vis_55,-16.7000,-57.9000,8.2000,left,Vis,Schaefer1000
LH_Vis_56,-17.7794,-64.8529,9.1765,left,Vis,Schaefer1000
LH_Vis_57,-8.0000,-69.4286,12.1429,left,Vis,Schaefer1000
LH_Vis_58,-17.7450,-98.2282,17.1275,left,Vis,Schaefer1000
LH_Vis_59,-48.3846,-75.0769,20.2308,left,Vis,Schaefer1000
LH_Vis_60,-1.0642,-79.3578,12.4404,left,Vis,Schaefer1000
LH_Vis_61,-41.8898,-80.2712,16.5678,left,Vis,Schaefer1000
LH_Vis_62,-3.3778,-92.4889,16.5889,left,Vis,Schaefer1000
LH_Vis_63,-17.5000,-60.1364,16.3636,left,Vis,Schaefer1000
LH_Vis_64,-25.2881,-91.0000,20.1186,left,Vis,Schaefer1000
LH_Vis_65,-34.5490,-89.8824,19.2157,left,Vis,Schaefer1000
LH_Vis_66,-7.0588,-68.0588,16.4118,left,Vis,Schaefer1000
LH_Vis_67,-2.3600,-82.4667,21.3467,left,Vis,Schaefer1000
LH_Vis_68,-10.0522,-95.3043,25.6174,left,Vis,Schaefer1000
LH_Vis_69,-15.6056,-66.9577,17.4366,left,Vis,Schaefer1000
LH_Vis_70,-17.3189,-89.7297,23.1784,left,Vis,Schaefer1000
LH_Vis_71,-3.8571,-76.7429,27.0000,left,Vis,Schaefer1000
LH_Vis_72,-27.1562,-81.0938,19.5312,left,Vis,Schaefer1000
LH_Vis_73,-5.3054,-88.3952,32.3832,left,Vis,Schaefer1000
LH_Vis_74,-31.4359,-84.9060,25.6923,left,Vis,Schaefer1000
LH_Vis_75,-13.6899,-74.7597,24.3256,left,Vis,Schaefer1000
LH_Vis_76,-17.2795,-89.1801,33.5652,left,Vis,Schaefer1000
LH_Vis_77,-23.8835,-81.4951,29.1262,left,Vis,Schaefer1000
LH_Vis_78,-12.0694,-80.5556,34.6667,left,Vis,Schaefer1000
LH_Vis_79,-14.3393,-85.7321,42.0357,left,Vis,Schaefer1000
LH_Vis_80,-22.6517,-81.4831,41.9551,left,Vis,Schaefer1000
LH_Vis_81,-12.5042,-78.9748,44.8739,left,Vis,Schaefer1000
LH_SomMot_1,-49.8269,5.6731,-8.1827,left,SomMot,Schaefer1000
LH_SomMot_2,-55.6509,-3.2453,-0.6509,left,SomMot,Schaefer1000
LH_SomMot_3,-62.3636,-11.3636,3.0606,left,SomMot,Schaefer1000
LH_SomMot_4,-65.2059,-18.5294,6.1471,left,SomMot,Schaefer1000
LH_SomMot_5,-52.4478,-13.7313,6.5970,left,SomMot,Schaefer1000
LH_SomMot_6,-42.6825,-19.3492,2.9683,left,SomMot,Schaefer1000
LH_SomMot_7,-65.7241,-29.7011,5.6552,left,SomMot,Schaefer1000
LH_SomMot_8,-52.6577,-20.3221,6.1074,left,SomMot,Schaefer1000
LH_SomMot_9,-59.6646,-26.0994,10.0870,left,SomMot,Schaefer1000
LH_SomMot_10,-40.9275,-23.7971,11.2464,left,SomMot,Schaefer1000
LH_SomMot_11,-33.5652,-24.3188,9.8551,left,SomMot,Schaefer1000
LH_SomMot_12,-36.0556,-14.2778,13.8889,left,SomMot,Schaefer1000
LH_SomMot_13,-62.0333,-39.6667,9.1333,left,SomMot,Schaefer1000
LH_SomMot_14,-42.7826,-29.8551,8.4638,left,SomMot,Schaefer1000
LH_SomMot_15,-33.4098,-30.8852,16.4262,left,SomMot,Schaefer1000
LH_SomMot_16,-33.8378,-22.5405,18.4865,left,SomMot,Schaefer1000
LH_SomMot_17,-40.2299,-13.1494,17.8161,left,SomMot,Schaefer1000
LH_SomMot_18,-48.5231,-33.6615,11.1077,left,SomMot,Schaefer1000
LH_SomMot_19,-54.7407,-46.9630,14.0741,left,SomMot,Schaefer1000
LH_SomMot_20,-59.0047,-36.3944,15.7183,left,SomMot,Schaefer1000
LH_SomMot_21,-47.7069,-13.4310,13.8276,left,SomMot,Schaefer1000
LH_SomMot_22,-54.6667,-7.3333,9.1111,left,SomMot,Schaefer1000
LH_SomMot_23,-64.6897,-45.9310,14.6897,left,SomMot,Schaefer1000
LH_SomMot_24,-38.9474,-26.0842,19.9368,left,SomMot,Schaefer1000
LH_SomMot_25,-39.7009,-36.3738,16.4860,left,SomMot,Schaefer1000
LH_SomMot_26,-57.5208,-14.3958,15.0417,left,SomMot,Schaefer1000
LH_SomMot_27,-60.2523,-3.2252,11.6036,left,SomMot,Schaefer1000
LH_SomMot_28,-48.6935,-21.9677,18.3871,left,SomMot,Schaefer1000
LH_SomMot_29,-64.9615,-11.2692,15.7308,left,SomMot,Schaefer1000
LH_SomMot_30,-47.3818,-30.2909,17.9818,left,SomMot,Schaefer1000
LH_SomMot_31,-61.3714,-17.9238,20.4190,left,SomMot,Schaefer1000
LH_SomMot_32,-60.2340,1.5106,22.0638,left,SomMot,Schaefer1000
LH_SomMot_33,-59.5152,-6.5253,19.2929,left,SomMot,Schaefer1000
LH_SomMot_34,-63.6566,-9.7172,27.8990,left,SomMot,Schaefer1000
LH_SomMot_35,-56.7939,-1.6794,29.0076,left,SomMot,Schaefer1000
LH_SomMot_36,-53.8873,-9.8732,31.1549,left,SomMot,Schaefer1000
LH_SomMot_37,-60.7925,-10.6792,39.0566,left,SomMot,Schaefer1000
LH_SomMot_38,-53.5690,-5.0000,36.5862,left,SomMot,Schaefer1000
LH_SomMot_39,-55.1871,-18.9548,41.6258,left,SomMot,Schaefer1000
LH_SomMot_40,-49.1603,-16.1069,40.5802,left,SomMot,Schaefer1000
LH_SomMot_41,-44.4634,-12.9268,37.8780,left,SomMot,Schaefer1000
LH_SomMot_42,-7.7931,-6.7310,41.6414,left,SomMot,Schaefer1000
LH_SomMot_43,-52.1036,-3.5959,47.2332,left,SomMot,Schaefer1000
LH_SomMot_44,-56.4545,-16.8636,50.6364,left,SomMot,Schaefer1000
LH_SomMot_45,-46.9655,-27.5172,44.6207,left,SomMot,Schaefer1000
LH_SomMot_46,-39.1429,-18.4898,40.5306,left,SomMot,Schaefer1000
LH_SomMot_47,-7.8857,-9.2952,47.6952,left,SomMot,Schaefer1000
LH_SomMot_48,-50.9682,-25.8217,54.6242,left,SomMot,Schaefer1000
LH_SomMot_49,-43.3710,-11.9677,50.3226,left,SomMot,Schaefer1000
LH_SomMot_50,-47.1325,-17.2289,53.4337,left,SomMot,Schaefer1000
LH_SomMot_51,-8.1553,-19.2427,47.4757,left,SomMot,Schaefer1000
LH_SomMot_52,-35.2308,-20.1538,45.4359,left,SomMot,Schaefer1000
LH_SomMot_53,-39.5890,-5.0137,58.1096,left,SomMot,Schaefer1000
LH_SomMot_54,-5.7241,-27.8391,50.4828,left,SomMot,Schaefer1000
LH_SomMot_55,-3.4909,-11.5636,54.3030,left,SomMot,Schaefer1000
LH_SomMot_56,-39.6235,-15.5294,57.7765,left,SomMot,Schaefer1000
LH_SomMot_57,-43.4301,-32.1658,63.2850,left,SomMot,Schaefer1000
LH_SomMot_58,-39.2741,-25.7037,54.3852,left,SomMot,Schaefer1000
LH_SomMot_59,-33.0692,-45.3082,61.3459,left,SomMot,Schaefer1000
LH_SomMot_60,-4.4667,-22.2444,57.3111,left,SomMot,Schaefer1000
LH_SomMot_61,-33.3659,-38.5041,61.7073,left,SomMot,Schaefer1000
LH_SomMot_62,-8.8687,-40.5253,57.7374,left,SomMot,Schaefer1000
LH_SomMot_63,-27.2056,-11.3925,60.4486,left,SomMot,Schaefer1000
LH_SomMot_64,-35.1605,-16.6296,67.3951,left,SomMot,Schaefer1000
LH_SomMot_65,-4.5600,-11.9733,62.9333,left,SomMot,Schaefer1000
LH_SomMot_66,-31.1080,-28.9390,62.6854,left,SomMot,Schaefer1000
LH_SomMot_67,-29.6909,-24.4727,60.4364,left,SomMot,Schaefer1000
LH_SomMot_68,-2.7899,-32.8067,59.2773,left,SomMot,Schaefer1000
LH_SomMot_69,-25.3494,-40.1687,62.0241,left,SomMot,Schaefer1000
LH_SomMot_70,-24.4583,-47.2292,63.6042,left,SomMot,Schaefer1000
LH_SomMot_71,-24.0000,-11.8500,71.3250,left,SomMot,Schaefer1000
LH_SomMot_72,-29.0820,-32.8852,71.7049,left,SomMot,Schaefer1000
LH_SomMot_73,-3.5960,-21.7778,64.8081,left,SomMot,Schaefer1000
LH_SomMot_74,-22.0588,-28.8824,56.1176,left,SomMot,Schaefer1000
LH_SomMot_75,-16.1495,-10.0374,66.3178,left,SomMot,Schaefer1000
LH_SomMot_76,-10.9383,-45.1358,69.9259,left,SomMot,Schaefer1000
LH_SomMot_77,-23.2000,-20.9500,71.5167,left,SomMot,Schaefer1000
LH_SomMot_78,-5.0909,-42.3896,65.4545,left,SomMot,Schaefer1000
LH_SomMot_79,-20.1515,-50.3030,68.1364,left,SomMot,Schaefer1000
LH_SomMot_80,-17.6140,-26.0351,64.3509,left,SomMot,Schaefer1000
LH_SomMot_81,-22.5532,-38.1702,70.6241,left,SomMot,Schaefer1000
LH_SomMot_82,-12.4127,-8.5397,71.2698,left,SomMot,Schaefer1000
LH_SomMot_83,-14.1758,-49.5165,72.9670,left,SomMot,Schaefer1000
LH_SomMot_84,-19.4915,-30.7910,68.1017,left,SomMot,Schaefer1000
LH_SomMot_85,-16.6000,-14.4889,74.6889,left,SomMot,Schaefer1000
LH_SomMot_86,-7.1579,-16.1930,74.3509,left,SomMot,Schaefer1000
LH_SomMot_87,-3.0377,-29.9245,70.6604,left,SomMot,Schaefer1000
LH_SomMot_88,-8.2093,-40.0000,75.7674,left,SomMot,Schaefer1000
LH_SomMot_89,-17.3178,-38.7907,74.2791,left,SomMot,Schaefer1000
LH_SomMot_90,-12.0696,-26.4174,73.2696,left,SomMot,Schaefer1000
LH_SomMot_91,-9.9000,-34.0000,72.2750,left,SomMot,Schaefer1000
LH_DorsAttn_Post_1,-44.5078,-41.1295,-21.6166,left,DorsAttn,Schaefer1000
LH_DorsAttn_Post_2,-50.6368,-48.9596,-20.5022,left,DorsAttn,Schaefer1000
LH_DorsAttn_Post_3,-42.6460,-53.5031,-17.0311,left,DorsAttn,Schaefer1000
LH_DorsAttn_Post_4,-44.7771,-57.9490,-10.6752,left,DorsAttn,Schaefer1000
LH_DorsAttn_Post_5,-47.2658,-62.3797,-5.4937,left,DorsAttn,Schaefer1000
LH_DorsAttn_Post_6,-57.3558,-59.2577,-4.9877,left,DorsAttn,Schaefer1000
LH_DorsAttn_Post_7,-48.1649,-65.1753,1.2990,left,DorsAttn,Schaefer1000
LH_DorsAttn_Post_8,-54.1538,-67.8154,5.5692,left,DorsAttn,Schaefer1000
LH_DorsAttn_Post_9,-57.8056,-59.9167,6.0417,left,DorsAttn,Schaefer1000
LH_DorsAttn_Post_10,-49.1096,-61.6164,10.3014,left,DorsAttn,Schaefer1000
LH_DorsAttn_Post_11,-48.0331,-69.2397,16.0496,left,DorsAttn,Schaefer1000
LH_DorsAttn_Post_12,-45.1910,-62.3820,15.8652,left,DorsAttn,Schaefer1000
LH_DorsAttn_Post_13,-43.4783,-71.4565,22.7826,left,DorsAttn,Schaefer1000
LH_DorsAttn_Post_14,-39.1148,-86.9508,24.5246,left,DorsAttn,Schaefer1000
LH_DorsAttn_Post_15,-43.4507,-78.1831,27.7746,left,DorsAttn,Schaefer1000
LH_DorsAttn_Post_16,-34.9697,-84.8182,33.8788,left,DorsAttn,Schaefer1000
LH_DorsAttn_Post_17,-30.4286,-76.8857,29.9143,left,DorsAttn,Schaefer1000
LH_DorsAttn_Post_18,-27.3333,-70.6222,26.9778,left,DorsAttn,Schaefer1000
LH_DorsAttn_Post_19,-57.0820,-22.6885,38.3279,left,DorsAttn,Schaefer1000
LH_DorsAttn_Post_20,-22.8049,-72.5610,35.6098,left,DorsAttn,Schaefer1000
LH_DorsAttn_Post_21,-26.8472,-67.1250,37.0139,left,DorsAttn,Schaefer1000
LH_DorsAttn_Post_22,-58.6891,-30.0504,44.7395,left,DorsAttn,Schaefer1000
LH_DorsAttn_Post_23,-51.8692,-27.2897,41.7196,left,DorsAttn,Schaefer1000
LH_DorsAttn_Post_24,-51.8636,-33.7273,45.3333,left,DorsAttn,Schaefer1000
LH_DorsAttn_Post_25,-41.9231,-39.1538,42.2000,left,DorsAttn,Schaefer1000
LH_DorsAttn_Post_26,-24.1188,-64.2574,47.1683,left,DorsAttn,Schaefer1000
LH_DorsAttn_Post_27,-17.6957,-77.0290,50.5507,left,DorsAttn,Schaefer1000
LH_DorsAttn_Post_28,-42.5522,-32.8358,42.9104,left,DorsAttn,Schaefer1000
LH_DorsAttn_Post_29,-19.3333,-68.7193,46.2982,left,DorsAttn,Schaefer1000
LH_DorsAttn_Post_30,-32.6857,-39.5143,42.6286,left,DorsAttn,Schaefer1000
LH_DorsAttn_Post_31,-28.6316,-58.9474,51.0789,left,DorsAttn,Schaefer1000
LH_DorsAttn_Post_32,-32.3750,-47.5000,46.6607,left,DorsAttn,Schaefer1000
LH_DorsAttn_Post_33,-27.5676,-53.6216,48.8649,left,DorsAttn,Schaefer1000
LH_DorsAttn_Post_34,-6.0541,-76.7568,52.0541,left,DorsAttn,Schaefer1000
LH_DorsAttn_Post_35,-40.6715,-35.6496,51.4015,left,DorsAttn,Schaefer1000
LH_DorsAttn_Post_36,-26.0247,-64.8889,56.7654,left,DorsAttn,Schaefer1000
LH_DorsAttn_Post_37,-28.2857,-57.1429,57.1429,left,DorsAttn,Schaefer1000
LH_DorsAttn_Post_38,-15.1772,-71.8987,55.0127,left,DorsAttn,Schaefer1000
LH_DorsAttn_Post_39,-38.0455,-41.7727,56.6364,left,DorsAttn,Schaefer1000
LH_DorsAttn_Post_40,-36.9474,-52.5526,57.5658,left,DorsAttn,Schaefer1000
LH_DorsAttn_Post_41,-8.2316,-69.7053,59.6842,left,DorsAttn,Schaefer1000
LH_DorsAttn_Post_42,-21.3882,-68.2824,62.2353,left,DorsAttn,Schaefer1000
LH_DorsAttn_Post_43,-29.0617,-60.9630,62.8148,left,DorsAttn,Schaefer1000
LH_DorsAttn_Post_44,-3.3175,-52.8571,57.9524,left,DorsAttn,Schaefer1000
LH_DorsAttn_Post_45,-6.5827,-61.1654,60.3937,left,DorsAttn,Schaefer1000
LH_DorsAttn_Post_46,-14.6977,-63.6512,60.6279,left,DorsAttn,Schaefer1000
LH_DorsAttn_Post_47,-31.9579,-52.1053,67.1579,left,DorsAttn,Schaefer1000
LH_DorsAttn_Post_48,-22.5041,-58.1301,64.7805,left,DorsAttn,Schaefer1000
LH_DorsAttn_Post_49,-6.7500,-53.4375,67.1667,left,DorsAttn,Schaefer1000
LH_DorsAttn_Post_50,-14.3026,-58.7763,67.0658,left,DorsAttn,Schaefer1000
LH_DorsAttn_FEF_1,-42.3931,-2.3006,49.9422,left,DorsAttn,Schaefer1000
LH_DorsAttn_FEF_2,-28.6821,3.5607,57.4682,left,DorsAttn,Schaefer1000
LH_DorsAttn_FEF_3,-32.8186,-3.2744,51.3116,left,DorsAttn,Schaefer1000
LH_DorsAttn_FEF_4,-24.0863,-5.2806,52.0863,left,DorsAttn,Schaefer1000
LH_DorsAttn_FEF_5,-22.3310,7.0141,61.2324,left,DorsAttn,Schaefer1000
LH_DorsAttn_FEF_6,-20.5385,-5.5962,60.1923,left,DorsAttn,Schaefer1000
LH_DorsAttn_FEF_7,-19.2096,-0.3713,68.8383,left,DorsAttn,Schaefer1000
LH_DorsAttn_PrCv_1,-51.2057,5.6738,27.0922,left,DorsAttn,Schaefer1000
LH_DorsAttn_PrCv_2,-54.5455,6.5974,34.9091,left,DorsAttn,Schaefer1000
LH_DorsAttn_PrCv_3,-41.4583,2.4167,31.2083,left,DorsAttn,Schaefer1000
LH_DorsAttn_PrCv_4,-49.1970,1.6667,38.9091,left,DorsAttn,Schaefer1000
LH_SalVentAttn_ParOper_1,-46.9027,-38.8673,23.4159,left,SalVentAttn,Schaefer1000
LH_SalVentAttn_ParOper_2,-58.6968,-44.8903,22.8000,left,SalVentAttn,Schaefer1000
LH_SalVentAttn_ParOper_3,-59.9574,-24.6099,20.1702,left,SalVentAttn,Schaefer1000
LH_SalVentAttn_ParOper_4,-53.3846,-41.1868,30.0659,left,SalVentAttn,Schaefer1000
LH_SalVentAttn_ParOper_5,-58.1885,-31.6754,23.5183,left,SalVentAttn,Schaefer1000
LH_SalVentAttn_ParOper_6,-61.7778,-43.8704,31.0370,left,SalVentAttn,Schaefer1000
LH_SalVentAttn_ParOper_7,-58.9794,-18.7629,30.5361,left,SalVentAttn,Schaefer1000
LH_SalVentAttn_ParOper_8,-61.2390,-36.1366,33.6000,left,SalVentAttn,Schaefer1000
LH_SalVentAttn_ParOper_9,-63.9151,-26.9245,34.6132,left,SalVentAttn,Schaefer1000
LH_SalVentAttn_TempOcc_1,-56.5546,-57.1092,13.9496,left,SalVentAttn,Schaefer1000
LH_SalVentAttn_TempOcc_2,-48.8056,-50.8611,12.9444,left,SalVentAttn,Schaefer1000
LH_SalVentAttn_FrOperIns_1,-36.5455,5.6364,-15.8182,left,SalVentAttn,Schaefer1000
LH_SalVentAttn_FrOperIns_2,-38.9537,0.9444,-9.3889,left,SalVentAttn,Schaefer1000
LH_SalVentAttn_FrOperIns_3,-37.5172,10.0920,-1.2874,left,SalVentAttn,Schaefer1000
LH_SalVentAttn_FrOperIns_4,-40.8358,-9.8209,-9.5821,left,SalVentAttn,Schaefer1000
LH_SalVentAttn_FrOperIns_5,-34.7027,29.5946,-0.8378,left,SalVentAttn,Schaefer1000
LH_SalVentAttn_FrOperIns_6,-45.9012,-12.4198,-4.5432,left,SalVentAttn,Schaefer1000
LH_SalVentAttn_FrOperIns_7,-31.5098,19.6863,3.3725,left,SalVentAttn,Schaefer1000
LH_SalVentAttn_FrOperIns_8,-39.1875,-2.1125,1.6875,left,SalVentAttn,Schaefer1000
LH_SalVentAttn_FrOperIns_9,-38.6667,-15.4889,2.6556,left,SalVentAttn,Schaefer1000
LH_SalVentAttn_FrOperIns_10,-32.7500,25.7778,7.3889,left,SalVentAttn,Schaefer1000
LH_SalVentAttn_FrOperIns_11,-31.5682,13.3409,10.2500,left,SalVentAttn,Schaefer1000
LH_SalVentAttn_FrOperIns_12,-36.0952,-2.9143,9.8095,left,SalVentAttn,Schaefer1000
LH_SalVentAttn_FrOperIns_13,-37.4648,18.5634,7.9718,left,SalVentAttn,Schaefer1000
LH_SalVentAttn_FrOperIns_14,-38.2133,6.2400,10.5600,left,SalVentAttn,Schaefer1000
LH_SalVentAttn_FrOperIns_15,-37.5172,-3.8621,16.5517,left,SalVentAttn,Schaefer1000
LH_SalVentAttn_FrOperIns_16,-43.0476,12.8571,1.9286,left,SalVentAttn,Schaefer1000
LH_SalVentAttn_FrOperIns_17,-44.0645,-2.0323,12.1935,left,SalVentAttn,Schaefer1000
LH_SalVentAttn_FrOperIns_18,-45.9091,6.9318,1.2500,left,SalVentAttn,Schaefer1000
LH_SalVentAttn_FrOperIns_19,-47.7885,-3.4615,6.5192,left,SalVentAttn,Schaefer1000
LH_SalVentAttn_FrOperIns_20,-53.8105,5.8947,1.4947,left,SalVentAttn,Schaefer1000
LH_SalVentAttn_FrOperIns_21,-58.0270,1.5946,7.5676,left,SalVentAttn,Schaefer1000
LH_SalVentAttn_FrOperIns_22,-55.0080,8.1120,11.9520,left,SalVentAttn,Schaefer1000
LH_SalVentAttn_FrOperIns_23,-58.6667,5.3913,16.8116,left,SalVentAttn,Schaefer1000
LH_SalVentAttn_PFCl_1,-29.7765,41.8436,30.5419,left,SalVentAttn,Schaefer1000
LH_SalVentAttn_PFCl_2,-25.5873,37.3175,39.2063,left,SalVentAttn,Schaefer1000
LH_SalVentAttn_Med_1,-6.9721,27.3631,28.1453,left,SalVentAttn,Schaefer1000
LH_SalVentAttn_Med_2,-4.9620,15.8987,31.1646,left,SalVentAttn,Schaefer1000
LH_SalVentAttn_Med_3,-2.3853,0.8807,35.8349,left,SalVentAttn,Schaefer1000
LH_SalVentAttn_Med_4,-7.3194,5.7083,38.9583,left,SalVentAttn,Schaefer1000
LH_SalVentAttn_Med_5,-7.0000,-19.1481,39.2593,left,SalVentAttn,Schaefer1000
LH_SalVentAttn_Med_6,-5.7937,17.0583,40.2780,left,SalVentAttn,Schaefer1000
LH_SalVentAttn_Med_7,-11.0105,-31.4105,39.7263,left,SalVentAttn,Schaefer1000
LH_SalVentAttn_Med_8,-11.5294,-20.1176,40.1412,left,SalVentAttn,Schaefer1000
LH_SalVentAttn_Med_9,-13.6250,-40.4500,45.2000,left,SalVentAttn,Schaefer1000
LH_SalVentAttn_Med_10,-5.8824,3.3235,49.7059,left,SalVentAttn,Schaefer1000
LH_SalVentAttn_Med_11,-12.3951,-28.6667,43.9012,left,SalVentAttn,Schaefer1000
LH_SalVentAttn_Med_12,-4.3896,-49.3766,51.0130,left,SalVentAttn,Schaefer1000
LH_SalVentAttn_Med_13,-10.8974,-45.3077,52.6923,left,SalVentAttn,Schaefer1000
LH_SalVentAttn_Med_14,-12.0563,-36.7042,50.1408,left,SalVentAttn,Schaefer1000
LH_SalVentAttn_Med_15,-4.5366,3.0488,58.5854,left,SalVentAttn,Schaefer1000
LH_SalVentAttn_Med_16,-8.6667,-48.1333,59.8667,left,SalVentAttn,Schaefer1000
LH_SalVentAttn_Med_17,-3.3258,-2.0000,63.9551,left,SalVentAttn,Schaefer1000
LH_SalVentAttn_Med_18,-12.8421,6.1053,68.3158,left,SalVentAttn,Schaefer1000
LH_SalVentAttn_Med_19,-8.3371,-2.8090,71.2022,left,SalVentAttn,Schaefer1000
LH_Limbic_OFC_1,-19.2621,12.8932,-21.8447,left,Limbic,Schaefer1000
LH_Limbic_OFC_2,-12.9828,20.7759,-17.1034,left,Limbic,Schaefer1000
LH_Limbic_OFC_3,-14.0714,23.7500,-23.7679,left,Limbic,Schaefer1000
LH_Limbic_OFC_4,-9.9765,34.3294,-21.9529,left,Limbic,Schaefer1000
LH_Limbic_OFC_5,-27.3043,15.3739,-23.0609,left,Limbic,Schaefer1000
LH_Limbic_OFC_6,-6.8785,19.4579,-22.0000,left,Limbic,Schaefer1000
LH_Limbic_OFC_7,-24.3453,28.1295,-17.2374,left,Limbic,Schaefer1000
LH_Limbic_OFC_8,-18.9084,40.9402,-19.0040,left,Limbic,Schaefer1000
LH_Limbic_OFC_9,-3.1100,38.0957,-22.0191,left,Limbic,Schaefer1000
LH_Limbic_OFC_10,-8.7711,50.5863,-22.7068,left,Limbic,Schaefer1000
LH_Limbic_OFC_11,-3.0375,20.0000,-17.4625,left,Limbic,Schaefer1000
LH_Limbic_OFC_12,-3.9333,16.6000,-10.0333,left,Limbic,Schaefer1000
LH_Limbic_OFC_13,-9.7207,63.0615,-15.0615,left,Limbic,Schaefer1000
LH_Limbic_OFC_14,-22.2988,61.5685,-11.0373,left,Limbic,Schaefer1000
LH_Limbic_TempPole_1,-28.6211,1.0352,-42.8530,left,Limbic,Schaefer1000
LH_Limbic_TempPole_2,-42.9153,-2.4068,-42.9407,left,Limbic,Schaefer1000
LH_Limbic_TempPole_3,-37.6547,-11.2230,-37.5683,left,Limbic,Schaefer1000
LH_Limbic_TempPole_4,-28.2308,-7.9327,-34.2404,left,Limbic,Schaefer1000
LH_Limbic_TempPole_5,-50.8545,-13.8028,-36.5352,left,Limbic,Schaefer1000
LH_Limbic_TempPole_6,-18.7119,-1.8983,-29.8983,left,Limbic,Schaefer1000
LH_Limbic_TempPole_7,-38.8861,-18.2194,-28.5316,left,Limbic,Schaefer1000
LH_Limbic_TempPole_8,-36.6941,16.8549,-34.0000,left,Limbic,Schaefer1000
LH_Limbic_TempPole_9,-26.4964,7.3525,-29.4532,left,Limbic,Schaefer1000
LH_Limbic_TempPole_10,-43.6875,-29.9531,-21.7812,left,Limbic,Schaefer1000
LH_Limbic_TempPole_11,-53.0885,-31.1593,-27.0354,left,Limbic,Schaefer1000
LH_Limbic_TempPole_12,-20.5116,-14.6047,-28.9302,left,Limbic,Schaefer1000
LH_Limbic_TempPole_13,-31.4850,-23.0659,-25.6647,left,Limbic,Schaefer1000
LH_Limbic_TempPole_14,-37.3443,8.7213,-24.7869,left,Limbic,Schaefer1000
LH_Limbic_TempPole_15,-44.5269,6.2258,-16.3548,left,Limbic,Schaefer1000
LH_Cont_Par_1,-28.7976,-77.2857,41.3452,left,Cont,Schaefer1000
LH_Cont_Par_2,-59.2555,-41.1387,43.8394,left,Cont,Schaefer1000
LH_Cont_Par_3,-57.1892,-46.8108,45.1351,left,Cont,Schaefer1000
LH_Cont_Par_4,-32.0972,-69.1528,50.7083,left,Cont,Schaefer1000
LH_Cont_Par_5,-48.6486,-55.5135,51.4414,left,Cont,Schaefer1000
LH_Cont_Par_6,-50.7407,-47.4074,53.8025,left,Cont,Schaefer1000
LH_Cont_Par_7,-54.7419,-39.4839,50.6774,left,Cont,Schaefer1000
LH_Cont_Par_8,-38.1875,-60.9583,51.1667,left,Cont,Schaefer1000
LH_Cont_Par_9,-47.5614,-41.5614,49.8596,left,Cont,Schaefer1000
LH_Cont_Par_10,-41.7176,-53.6941,48.7059,left,Cont,Schaefer1000
LH_Cont_Par_11,-43.6632,-46.8842,48.3368,left,Cont,Schaefer1000
LH_Cont_Par_12,-28.4898,-67.0612,48.9388,left,Cont,Schaefer1000
LH_Cont_Par_13,-33.1739,-58.8696,43.4348,left,Cont,Schaefer1000
LH_Cont_Par_14,-36.5120,-46.4960,39.5200,left,Cont,Schaefer1000
LH_Cont_Par_15,-32.2105,-52.8842,41.3263,left,Cont,Schaefer1000
LH_Cont_Temp_1,-59.3571,-38.9107,-20.4643,left,Cont,Schaefer1000
LH_Cont_Temp_2,-55.3596,-56.9261,-17.0640,left,Cont,Schaefer1000
LH_Cont_Temp_3,-59.9588,-47.2371,-11.8454,left,Cont,Schaefer1000
LH_Cont_Temp_4,-62.2609,-49.2174,-2.6087,left,Cont,Schaefer1000
LH_Cont_PFCd_1,-23.6739,13.4130,52.0870,left,Cont,Schaefer1000
LH_Cont_PFCl_1,-40.6790,51.1808,-3.1292,left,Cont,Schaefer1000
LH_Cont_PFCl_2,-47.0455,41.6515,3.6515,left,Cont,Schaefer1000
LH_Cont_PFCl_3,-38.5057,49.7962,6.8604,left,Cont,Schaefer1000
LH_Cont_PFCl_4,-50.9143,32.3200,12.2286,left,Cont,Schaefer1000
LH_Cont_PFCl_5,-29.0187,56.1124,9.8652,left,Cont,Schaefer1000
LH_Cont_PFCl_6,-42.8425,37.6220,13.5276,left,Cont,Schaefer1000
LH_Cont_PFCl_7,-49.3254,11.0888,12.6391,left,Cont,Schaefer1000
LH_Cont_PFCl_8,-44.8024,25.4371,19.7365,left,Cont,Schaefer1000
LH_Cont_PFCl_9,-38.0867,45.6037,18.5882,left,Cont,Schaefer1000
LH_Cont_PFCl_10,-47.5359,15.0387,24.9171,left,Cont,Schaefer1000
LH_Cont_PFCl_11,-48.4220,6.8257,21.9266,left,Cont,Schaefer1000
LH_Cont_PFCl_12,-28.7699,50.1757,22.1004,left,Cont,Schaefer1000
LH_Cont_PFCl_13,-41.4713,33.7471,22.9195,left,Cont,Schaefer1000
LH_Cont_PFCl_14,-43.4460,22.9424,27.3669,left,Cont,Schaefer1000
LH_Cont_PFCl_15,-42.6243,37.0794,29.5767,left,Cont,Schaefer1000
LH_Cont_PFCl_16,-37.1311,8.3770,27.0328,left,Cont,Schaefer1000
LH_Cont_PFCl_17,-45.1628,21.3488,35.3209,left,Cont,Schaefer1000
LH_Cont_PFCl_18,-39.0462,9.8769,32.8308,left,Cont,Schaefer1000
LH_Cont_PFCl_19,-34.5844,32.2727,38.5130,left,Cont,Schaefer1000
LH_Cont_PFCl_20,-40.0678,3.5763,36.8644,left,Cont,Schaefer1000
LH_Cont_OFC_1,-27.1594,47.1787,-13.5266,left,Cont,Schaefer1000
LH_Cont_PFCv_1,-34.9286,15.8000,-7.3143,left,Cont,Schaefer1000
LH_Cont_PFCv_2,-31.4103,23.7179,-3.1538,left,Cont,Schaefer1000
LH_Cont_pCun_1,-10.3361,-69.5798,30.8403,left,Cont,Schaefer1000
LH_Cont_pCun_2,-9.8862,-72.8130,38.3252,left,Cont,Schaefer1000
LH_Cont_pCun_3,-3.7143,-76.5397,44.4444,left,Cont,Schaefer1000
LH_Cont_pCun_4,-4.2931,-65.8276,51.7414,left,Cont,Schaefer1000
LH_Cont_Cing_1,-3.1481,18.7037,23.0741,left,Cont,Schaefer1000
LH_Cont_Cing_2,-6.5000,-37.5500,24.8500,left,Cont,Schaefer1000
LH_Cont_Cing_3,-5.7073,-26.1951,27.4634,left,Cont,Schaefer1000
LH_Cont_Cing_4,-3.0500,9.2500,27.3500,left,Cont,Schaefer1000
LH_Cont_Cing_5,-4.0000,-12.8936,29.5319,left,Cont,Schaefer1000
LH_Cont_Cing_6,-4.4211,-1.3684,30.5789,left,Cont,Schaefer1000
LH_Cont_Cing_7,-3.4074,-32.2222,28.8148,left,Cont,Schaefer1000
LH_Cont_Cing_8,-2.2609,-22.7826,30.9565,left,Cont,Schaefer1000
LH_Cont_PFCmp_1,-3.8009,24.4163,47.5566,left,Cont,Schaefer1000
LH_Cont_PFCmp_2,-5.3673,13.8163,53.3265,left,Cont,Schaefer1000
LH_Default_Par_1,-47.5181,-57.9518,18.0964,left,Default,Schaefer1000
LH_Default_Par_2,-46.9434,-50.7547,19.6981,left,Default,Schaefer1000
LH_Default_Par_3,-59.8293,-52.6585,18.5610,left,Default,Schaefer1000
LH_Default_Par_4,-45.5975,-64.7421,23.3082,left,Default,Schaefer1000
LH_Default_Par_5,-44.4426,-56.6557,25.4918,left,Default,Schaefer1000
LH_Default_Par_6,-52.1101,-54.9174,25.5229,left,Default,Schaefer1000
LH_Default_Par_7,-61.4286,-54.0220,25.6484,left,Default,Schaefer1000
LH_Default_Par_8,-46.8276,-70.9310,30.0517,left,Default,Schaefer1000
LH_Default_Par_9,-47.9420,-64.0145,31.2754,left,Default,Schaefer1000
LH_Default_Par_10,-46.6944,-57.7778,34.1111,left,Default,Schaefer1000
LH_Default_Par_11,-54.3820,-57.4607,33.1910,left,Default,Schaefer1000
LH_Default_Par_12,-38.3263,-77.5474,39.8000,left,Default,Schaefer1000
LH_Default_Par_13,-58.5926,-50.9333,34.0889,left,Default,Schaefer1000
LH_Default_Par_14,-46.7320,-69.2062,39.5258,left,Default,Schaefer1000
LH_Default_Par_15,-46.2459,-61.4918,42.6557,left,Default,Schaefer1000
LH_Default_Par_16,-54.0000,-59.2381,41.6190,left,Default,Schaefer1000
LH_Default_Par_17,-36.9533,-72.1869,48.4860,left,Default,Schaefer1000
LH_Default_Par_18,-52.3357,-50.8671,41.5664,left,Default,Schaefer1000
LH_Default_Par_19,-43.1789,-64.4000,51.5789,left,Default,Schaefer1000
LH_Default_Temp_1,-46.0717,7.1541,-36.7885,left,Default,Schaefer1000
LH_Default_Temp_2,-52.6125,-5.4170,-31.5941,left,Default,Schaefer1000
LH_Default_Temp_3,-58.9697,-21.7749,-26.2251,left,Default,Schaefer1000
LH_Default_Temp_4,-54.6218,4.1261,-26.3193,left,Default,Schaefer1000
LH_Default_Temp_5,-48.1576,14.8970,-24.0848,left,Default,Schaefer1000
LH_Default_Temp_6,-61.4875,-15.2646,-20.8134,left,Default,Schaefer1000
LH_Default_Temp_7,-52.4746,6.7684,-16.8814,left,Default,Schaefer1000
LH_Default_Temp_8,-62.2075,-33.3019,-14.1509,left,Default,Schaefer1000
LH_Default_Temp_9,-59.0667,-9.6167,-13.9000,left,Default,Schaefer1000
LH_Default_Temp_10,-64.2564,-24.7009,-8.2906,left,Default,Schaefer1000
LH_Default_Temp_11,-53.3968,-3.8730,-11.1958,left,Default,Schaefer1000
LH_Default_Temp_12,-65.8561,-36.6906,-5.9856,left,Default,Schaefer1000
LH_Default_Temp_13,-52.1748,-21.5340,-8.4466,left,Default,Schaefer1000
LH_Default_Temp_14,-57.2203,-31.2712,-4.9831,left,Default,Schaefer1000
LH_Default_Temp_15,-57.5829,-13.6043,-4.3529,left,Default,Schaefer1000
LH_Default_Temp_16,-62.5882,-41.2941,0.7206,left,Default,Schaefer1000
LH_Default_Temp_17,-49.5955,-33.7303,-2.0674,left,Default,Schaefer1000
LH_Default_Temp_18,-57.1543,-23.8171,-0.8914,left,Default,Schaefer1000
LH_Default_Temp_19,-53.8286,-41.7143,1.1714,left,Default,Schaefer1000
LH_Default_Temp_20,-60.1481,-50.7407,6.0444,left,Default,Schaefer1000
LH_Default_Temp_21,-55.0680,-34.3883,4.1359,left,Default,Schaefer1000
LH_Default_Temp_22,-51.2868,-44.7597,6.8837,left,Default,Schaefer1000
LH_Default_PFC_1,-28.3056,16.6389,-15.6111,left,Default,Schaefer1000
LH_Default_PFC_2,-33.2414,12.3448,-12.2759,left,Default,Schaefer1000
LH_Default_PFC_3,-35.4731,36.3226,-12.4409,left,Default,Schaefer1000
LH_Default_PFC_4,-37.4597,23.9532,-14.8935,left,Default,Schaefer1000
LH_Default_PFC_5,-6.0082,32.5633,-11.3306,left,Default,Schaefer1000
LH_Default_PFC_6,-38.6824,50.3608,-13.2235,left,Default,Schaefer1000
LH_Default_PFC_7,-4.8471,54.7268,-10.2807,left,Default,Schaefer1000
LH_Default_PFC_8,-45.7521,30.6581,-10.8632,left,Default,Schaefer1000
LH_Default_PFC_9,-3.9444,24.3333,-5.5556,left,Default,Schaefer1000
LH_Default_PFC_10,-8.1088,46.1224,-4.0272,left,Default,Schaefer1000
LH_Default_PFC_11,-49.0710,39.6645,-6.7355,left,Default,Schaefer1000
LH_Default_PFC_12,-16.5455,64.9697,-3.1970,left,Default,Schaefer1000
LH_Default_PFC_13,-4.1053,35.4737,-3.2632,left,Default,Schaefer1000
LH_Default_PFC_14,-28.0738,57.9344,-1.3525,left,Default,Schaefer1000
LH_Default_PFC_15,-44.0635,28.4286,-1.1746,left,Default,Schaefer1000
LH_Default_PFC_16,-8.4964,68.2044,2.2482,left,Default,Schaefer1000
LH_Default_PFC_17,-51.5948,28.1379,2.2241,left,Default,Schaefer1000
LH_Default_PFC_18,-44.7438,20.3802,6.1322,left,Default,Schaefer1000
LH_Default_PFC_19,-6.1610,59.2881,7.8644,left,Default,Schaefer1000
LH_Default_PFC_20,-5.9760,44.8201,6.5564,left,Default,Schaefer1000
LH_Default_PFC_21,-54.2173,18.7540,11.9361,left,Default,Schaefer1000
LH_Default_PFC_22,-20.4576,65.0185,9.2989,left,Default,Schaefer1000
LH_Default_PFC_23,-2.2800,35.9600,8.6400,left,Default,Schaefer1000
LH_Default_PFC_24,-8.6735,67.1429,15.5714,left,Default,Schaefer1000
LH_Default_PFC_25,-2.6316,29.1053,17.1579,left,Default,Schaefer1000
LH_Default_PFC_26,-23.3371,57.8743,20.1600,left,Default,Schaefer1000
LH_Default_PFC_27,-5.3941,50.7294,21.0824,left,Default,Schaefer1000
LH_Default_PFC_28,-7.4476,36.4952,20.9810,left,Default,Schaefer1000
LH_Default_PFC_29,-15.5170,59.7811,26.3774,left,Default,Schaefer1000
LH_Default_PFC_30,-5.2828,61.7241,27.1172,left,Default,Schaefer1000
LH_Default_PFC_31,-21.7879,48.9293,31.1919,left,Default,Schaefer1000
LH_Default_PFC_32,-3.7321,36.5893,34.0625,left,Default,Schaefer1000
LH_Default_PFC_33,-3.1245,48.8069,38.1116,left,Default,Schaefer1000
LH_Default_PFC_34,-11.8641,51.1845,40.4466,left,Default,Schaefer1000
LH_Default_PFC_35,-19.8571,42.9610,41.7143,left,Default,Schaefer1000
LH_Default_PFC_36,-46.3947,13.1579,40.7105,left,Default,Schaefer1000
LH_Default_PFC_37,-39.1972,23.9585,46.2491,left,Default,Schaefer1000
LH_Default_PFC_38,-25.0000,27.2870,43.7500,left,Default,Schaefer1000
LH_Default_PFC_39,-2.9744,35.0940,47.2821,left,Default,Schaefer1000
LH_Default_PFC_40,-7.5873,41.4074,52.4656,left,Default,Schaefer1000
LH_Default_PFC_41,-18.9421,34.2066,49.5950,left,Default,Schaefer1000
LH_Default_PFC_42,-41.5833,6.7885,48.8462,left,Default,Schaefer1000
LH_Default_PFC_43,-37.9487,12.8547,56.4786,left,Default,Schaefer1000
LH_Default_PFC_44,-29.4598,16.5747,55.8966,left,Default,Schaefer1000
LH_Default_PFC_45,-22.2301,18.9204,46.8496,left,Default,Schaefer1000
LH_Default_PFC_46,-5.4571,25.0714,60.5000,left,Default,Schaefer1000
LH_Default_PFC_47,-13.8222,27.2556,58.8111,left,Default,Schaefer1000
LH_Default_PFC_48,-21.9252,21.2897,58.4486,left,Default,Schaefer1000
LH_Default_PFC_49,-4.8112,11.6787,64.5542,left,Default,Schaefer1000
LH_Default_PFC_50,-15.3020,14.6577,65.2483,left,Default,Schaefer1000
LH_Default_pCunPCC_1,-6.9333,-46.4000,8.2667,left,Default,Schaefer1000
LH_Default_pCunPCC_2,-8.7500,-53.3333,8.3833,left,Default,Schaefer1000
LH_Default_pCunPCC_3,-5.7059,-46.7059,14.4118,left,Default,Schaefer1000
LH_Default_pCunPCC_4,-10.3308,-58.6917,16.4511,left,Default,Schaefer1000
LH_Default_pCunPCC_5,-4.8103,-53.2586,17.3966,left,Default,Schaefer1000
LH_Default_pCunPCC_6,-5.9130,-44.1739,21.1304,left,Default,Schaefer1000
LH_Default_pCunPCC_7,-14.9286,-63.0238,22.2857,left,Default,Schaefer1000
LH_Default_pCunPCC_8,-2.8750,-47.2500,23.6667,left,Default,Schaefer1000
LH_Default_pCunPCC_9,-14.0000,-66.7407,25.7407,left,Default,Schaefer1000
LH_Default_pCunPCC_10,-3.3465,-60.8119,22.8317,left,Default,Schaefer1000
LH_Default_pCunPCC_11,-3.3333,-41.4667,26.2667,left,Default,Schaefer1000
LH_Default_pCunPCC_12,-7.4340,-52.9057,26.2642,left,Default,Schaefer1000
LH_Default_pCunPCC_13,-6.4286,-66.6786,26.0714,left,Default,Schaefer1000
LH_Default_pCunPCC_14,-5.3134,-46.3582,29.9403,left,Default,Schaefer1000
LH_Default_pCunPCC_15,-5.9718,-57.6338,29.5211,left,Default,Schaefer1000
LH_Default_pCunPCC_16,-3.4627,-39.4030,30.8060,left,Default,Schaefer1000
LH_Default_pCunPCC_17,-12.2703,-48.7568,30.5946,left,Default,Schaefer1000
LH_Default_pCunPCC_18,-3.4227,-64.6186,32.5979,left,Default,Schaefer1000
LH_Default_pCunPCC_19,-4.2712,-33.8983,35.2542,left,Default,Schaefer1000
LH_Default_pCunPCC_20,-8.5574,-41.7049,34.7541,left,Default,Schaefer1000
LH_Default_pCunPCC_21,-2.4234,-14.9051,36.7445,left,Default,Schaefer1000
LH_Default_pCunPCC_22,-2.7692,-26.8462,37.6154,left,Default,Schaefer1000
LH_Default_pCunPCC_23,-7.8125,-54.7500,34.8750,left,Default,Schaefer1000
LH_Default_pCunPCC_24,-2.2909,-70.6545,36.5818,left,Default,Schaefer1000
LH_Default_pCunPCC_25,-4.9412,-32.3235,41.6471,left,Default,Schaefer1000
LH_Default_pCunPCC_26,-11.5942,-47.7971,37.1884,left,Default,Schaefer1000
LH_Default_pCunPCC_27,-4.9804,-40.1765,42.0196,left,Default,Schaefer1000
LH_Default_pCunPCC_28,-5.0286,-61.8857,39.0286,left,Default,Schaefer1000
LH_Default_pCunPCC_29,-6.5763,-54.2203,42.2203,left,Default,Schaefer1000
LH_Default_pCunPCC_30,-3.6066,-67.6393,44.3607,left,Default,Schaefer1000
LH_Default_pCunPCC_31,-6.5238,-47.0952,44.5556,left,Default,Schaefer1000
LH_Default_pCunPCC_32,-5.2745,-58.6471,48.1765,left,Default,Schaefer1000
LH_Default_PHC_1,-30.1921,-32.3955,-17.9661,left,Default,Schaefer1000
LH_Default_PHC_2,-19.8082,-24.4110,-21.9178,left,Default,Schaefer1000
LH_Default_PHC_3,-20.9481,-36.0260,-13.5584,left,Default,Schaefer1000
RH_Vis_1,32.3824,-36.1191,-22.6207,right,Vis,Schaefer1000
RH_Vis_2,36.2038,-51.6943,-18.3949,right,Vis,Schaefer1000
RH_Vis_3,30.3891,-32.5068,-16.2624,right,Vis,Schaefer1000
RH_Vis_4,26.2903,-49.3226,-14.0323,right,Vis,Schaefer1000
RH_Vis_5,46.1828,-57.0430,-17.4194,right,Vis,Schaefer1000
RH_Vis_6,35.8595,-66.9297,-15.4811,right,Vis,Schaefer1000
RH_Vis_7,30.0496,-45.9835,-8.8099,right,Vis,Schaefer1000
RH_Vis_8,26.7817,-71.3299,-10.3046,right,Vis,Schaefer1000
RH_Vis_9,27.3936,-59.1383,-8.6489,right,Vis,Schaefer1000
RH_Vis_10,20.5750,-31.3500,-15.2500,right,Vis,Schaefer1000
RH_Vis_11,37.7938,-77.7216,-15.4124,right,Vis,Schaefer1000
RH_Vis_12,26.1440,-80.7360,-12.0480,right,Vis,Schaefer1000
RH_Vis_13,22.2476,-44.0571,-9.2762,right,Vis,Schaefer1000
RH_Vis_14,18.9402,-70.7350,-8.9915,right,Vis,Schaefer1000
RH_Vis_15,19.9857,-59.8143,-6.9571,right,Vis,Schaefer1000
RH_Vis_16,46.1596,-77.2553,-14.4362,right,Vis,Schaefer1000
RH_Vis_17,19.5133,-88.5044,-12.1239,right,Vis,Schaefer1000
RH_Vis_18,14.7027,-79.7568,-13.0811,right,Vis,Schaefer1000
RH_Vis_19,16.7667,-35.8333,-11.6333,right,Vis,Schaefer1000
RH_Vis_20,33.9535,-89.5349,-15.5814,right,Vis,Schaefer1000
RH_Vis_21,49.9205,-62.3046,-6.7550,right,Vis,Schaefer1000
RH_Vis_22,14.5905,-49.5810,-7.2000,right,Vis,Schaefer1000
RH_Vis_23,12.0774,-61.6000,-2.8129,right,Vis,Schaefer1000
RH_Vis_24,8.3373,-72.0803,-3.8795,right,Vis,Schaefer1000
RH_Vis_25,6.8000,-89.5667,-12.1833,right,Vis,Schaefer1000
RH_Vis_26,48.8130,-75.3496,-7.2520,right,Vis,Schaefer1000
RH_Vis_27,21.7164,-97.4478,-13.4627,right,Vis,Schaefer1000
RH_Vis_28,3.9355,-81.6613,-4.8871,right,Vis,Schaefer1000
RH_Vis_29,12.5769,-96.2436,-7.6026,right,Vis,Schaefer1000
RH_Vis_30,33.3419,-93.0452,-6.6710,right,Vis,Schaefer1000
RH_Vis_31,17.7665,-43.7970,-3.0660,right,Vis,Schaefer1000
RH_Vis_32,13.8557,-55.4021,2.0619,right,Vis,Schaefer1000
RH_Vis_33,4.7059,-62.1765,5.8235,right,Vis,Schaefer1000
RH_Vis_34,46.5763,-65.8079,-0.6328,right,Vis,Schaefer1000
RH_Vis_35,41.8356,-86.0548,-4.0411,right,Vis,Schaefer1000
RH_Vis_36,3.9268,-72.0488,5.1707,right,Vis,Schaefer1000
RH_Vis_37,22.5823,-100.4557,-5.2658,right,Vis,Schaefer1000
RH_Vis_38,8.5902,-91.1803,0.6721,right,Vis,Schaefer1000
RH_Vis_39,50.9333,-73.8333,0.8333,right,Vis,Schaefer1000
RH_Vis_40,11.7681,-63.4783,6.0290,right,Vis,Schaefer1000
RH_Vis_41,23.3023,-52.2791,3.4419,right,Vis,Schaefer1000
RH_Vis_42,13.2308,-44.3590,3.0000,right,Vis,Schaefer1000
RH_Vis_43,13.6404,-103.0112,1.9551,right,Vis,Schaefer1000
RH_Vis_44,8.1624,-81.4619,5.1777,right,Vis,Schaefer1000
RH_Vis_45,26.0000,-98.4024,3.2927,right,Vis,Schaefer1000
RH_Vis_46,10.8440,-97.5046,4.5872,right,Vis,Schaefer1000
RH_Vis_47,23.8182,-62.4895,5.3427,right,Vis,Schaefer1000
RH_Vis_48,18.9677,-53.1290,7.2258,right,Vis,Schaefer1000
RH_Vis_49,49.3951,-66.0370,8.7037,right,Vis,Schaefer1000
RH_Vis_50,12.3197,-70.7881,10.5874,right,Vis,Schaefer1000
RH_Vis_51,33.4470,-89.0599,3.8249,right,Vis,Schaefer1000
RH_Vis_52,43.4800,-79.1000,4.9500,right,Vis,Schaefer1000
RH_Vis_53,14.3059,-100.8706,12.7529,right,Vis,Schaefer1000
RH_Vis_54,4.7595,-86.3797,9.8481,right,Vis,Schaefer1000
RH_Vis_55,5.4043,-76.0426,13.6596,right,Vis,Schaefer1000
RH_Vis_56,48.4923,-72.6000,12.2923,right,Vis,Schaefer1000
RH_Vis_57,20.9880,-59.2530,11.1084,right,Vis,Schaefer1000
RH_Vis_58,25.9060,-95.6376,14.8054,right,Vis,Schaefer1000
RH_Vis_59,6.6508,-93.6190,15.3810,right,Vis,Schaefer1000
RH_Vis_60,37.7079,-84.1124,9.3933,right,Vis,Schaefer1000
RH_Vis_61,14.9694,-94.2707,19.2402,right,Vis,Schaefer1000
RH_Vis_62,30.6593,-87.1648,12.6593,right,Vis,Schaefer1000
RH_Vis_63,8.3377,-66.6753,18.8571,right,Vis,Schaefer1000
RH_Vis_64,5.2139,-80.7463,22.5572,right,Vis,Schaefer1000
RH_Vis_65,18.0472,-64.0315,17.1339,right,Vis,Schaefer1000
RH_Vis_66,43.3034,-79.8202,16.0000,right,Vis,Schaefer1000
RH_Vis_67,26.6446,-89.0909,20.8430,right,Vis,Schaefer1000
RH_Vis_68,7.6092,-89.9540,28.5287,right,Vis,Schaefer1000
RH_Vis_69,33.7586,-84.2931,18.7241,right,Vis,Schaefer1000
RH_Vis_70,7.1290,-74.4194,28.1613,right,Vis,Schaefer1000
RH_Vis_71,16.8125,-72.1406,25.0469,right,Vis,Schaefer1000
RH_Vis_72,38.9841,-84.0635,26.4127,right,Vis,Schaefer1000
RH_Vis_73,17.7478,-88.7217,27.6957,right,Vis,Schaefer1000
RH_Vis_74,17.8333,-63.3148,26.8519,right,Vis,Schaefer1000
RH_Vis_75,10.0741,-85.1728,39.4815,right,Vis,Schaefer1000
RH_Vis_76,34.1842,-76.4474,23.1974,right,Vis,Schaefer1000
RH_Vis_77,28.0538,-81.9570,27.8602,right,Vis,Schaefer1000
RH_Vis_78,16.1518,-78.9464,36.7232,right,Vis,Schaefer1000
RH_Vis_79,23.3562,-85.9863,37.8767,right,Vis,Schaefer1000
RH_Vis_80,29.0050,-76.5528,39.4874,right,Vis,Schaefer1000
RH_Vis_81,22.7547,-81.3962,48.1887,right,Vis,Schaefer1000
RH_SomMot_1,51.4017,11.0256,-9.3846,right,SomMot,Schaefer1000
RH_SomMot_2,60.2087,-2.9913,-6.2087,right,SomMot,Schaefer1000
RH_SomMot_3,54.8251,2.1345,-3.0762,right,SomMot,Schaefer1000
RH_SomMot_4,55.1795,-12.8205,-4.6667,right,SomMot,Schaefer1000
RH_SomMot_5,65.2258,-8.1290,-3.0323,right,SomMot,Schaefer1000
RH_SomMot_6,48.2979,-10.8936,-0.2128,right,SomMot,Schaefer1000
RH_SomMot_7,62.7385,-14.8308,-2.7385,right,SomMot,Schaefer1000
RH_SomMot_8,39.5211,-4.5352,5.9437,right,SomMot,Schaefer1000
RH_SomMot_9,54.6011,-12.6124,5.1067,right,SomMot,Schaefer1000
RH_SomMot_10,67.3500,-15.1500,4.7000,right,SomMot,Schaefer1000
RH_SomMot_11,40.9846,-20.1538,2.5846,right,SomMot,Schaefer1000
RH_SomMot_12,62.3883,-23.3204,1.4563,right,SomMot,Schaefer1000
RH_SomMot_13,49.4200,-36.8200,4.1200,right,SomMot,Schaefer1000
RH_SomMot_14,56.9818,-31.3273,4.6545,right,SomMot,Schaefer1000
RH_SomMot_15,37.3333,-9.5556,12.3333,right,SomMot,Schaefer1000
RH_SomMot_16,38.8846,-22.0385,10.3462,right,SomMot,Schaefer1000
RH_SomMot_17,34.9231,-18.8462,12.0000,right,SomMot,Schaefer1000
RH_SomMot_18,59.2178,-21.9022,9.6356,right,SomMot,Schaefer1000
RH_SomMot_19,36.7317,-9.9024,17.5122,right,SomMot,Schaefer1000
RH_SomMot_20,41.3226,-27.4194,12.2903,right,SomMot,Schaefer1000
RH_SomMot_21,43.1111,-2.5926,13.8519,right,SomMot,Schaefer1000
RH_SomMot_22,34.2000,-22.6800,16.9600,right,SomMot,Schaefer1000
RH_SomMot_23,64.4328,-36.1343,10.8507,right,SomMot,Schaefer1000
RH_SomMot_24,64.2609,-27.9478,12.8870,right,SomMot,Schaefer1000
RH_SomMot_25,42.4211,-12.2982,17.4737,right,SomMot,Schaefer1000
RH_SomMot_26,38.5143,-26.6095,19.4286,right,SomMot,Schaefer1000
RH_SomMot_27,47.4524,-31.7857,16.5238,right,SomMot,Schaefer1000
RH_SomMot_28,50.4742,-8.6392,11.9794,right,SomMot,Schaefer1000
RH_SomMot_29,47.1467,-18.1333,17.5733,right,SomMot,Schaefer1000
RH_SomMot_30,59.4897,-1.0759,10.6069,right,SomMot,Schaefer1000
RH_SomMot_31,43.8800,-28.7200,20.6800,right,SomMot,Schaefer1000
RH_SomMot_32,58.7244,-12.0630,14.7717,right,SomMot,Schaefer1000
RH_SomMot_33,51.7753,-21.3483,17.9326,right,SomMot,Schaefer1000
RH_SomMot_34,66.4000,-8.1333,14.5333,right,SomMot,Schaefer1000
RH_SomMot_35,61.7315,2.5101,22.1342,right,SomMot,Schaefer1000
RH_SomMot_36,63.4545,-5.1748,23.4965,right,SomMot,Schaefer1000
RH_SomMot_37,64.8406,-11.3623,25.9710,right,SomMot,Schaefer1000
RH_SomMot_38,55.7455,-3.8545,23.7091,right,SomMot,Schaefer1000
RH_SomMot_39,59.9375,-12.9583,32.0000,right,SomMot,Schaefer1000
RH_SomMot_40,58.7544,1.2632,34.3333,right,SomMot,Schaefer1000
RH_SomMot_41,62.7826,-9.4783,38.6087,right,SomMot,Schaefer1000
RH_SomMot_42,56.1400,-7.9200,33.9200,right,SomMot,Schaefer1000
RH_SomMot_43,49.6842,-6.6316,31.4035,right,SomMot,Schaefer1000
RH_SomMot_44,55.6491,-15.6842,36.9825,right,SomMot,Schaefer1000
RH_SomMot_45,6.8281,-2.4062,41.1719,right,SomMot,Schaefer1000
RH_SomMot_46,59.8140,-11.7209,45.9535,right,SomMot,Schaefer1000
RH_SomMot_47,54.9558,-3.6283,42.9558,right,SomMot,Schaefer1000
RH_SomMot_48,50.3288,-12.9863,39.0959,right,SomMot,Schaefer1000
RH_SomMot_49,44.8571,-11.3968,37.9365,right,SomMot,Schaefer1000
RH_SomMot_50,53.0476,-17.7778,42.1270,right,SomMot,Schaefer1000
RH_SomMot_51,12.2917,-15.0000,41.3750,right,SomMot,Schaefer1000
RH_SomMot_52,9.0861,2.3974,47.0066,right,SomMot,Schaefer1000
RH_SomMot_53,49.6721,-21.9344,46.6230,right,SomMot,Schaefer1000
RH_SomMot_54,49.7526,-12.8866,50.0825,right,SomMot,Schaefer1000
RH_SomMot_55,39.1915,-16.8936,40.9362,right,SomMot,Schaefer1000
RH_SomMot_56,54.5349,-17.5349,54.5349,right,SomMot,Schaefer1000
RH_SomMot_57,8.7473,-9.2747,47.0110,right,SomMot,Schaefer1000
RH_SomMot_58,47.7739,-7.6000,51.0609,right,SomMot,Schaefer1000
RH_SomMot_59,39.3770,-13.2459,47.2459,right,SomMot,Schaefer1000
RH_SomMot_60,12.2951,-21.7049,45.3115,right,SomMot,Schaefer1000
RH_SomMot_61,48.6462,-27.3231,56.1692,right,SomMot,Schaefer1000
RH_SomMot_62,40.6275,-19.0588,48.8235,right,SomMot,Schaefer1000
RH_SomMot_63,47.1081,-19.7838,60.1081,right,SomMot,Schaefer1000
RH_SomMot_64,6.0933,-0.7733,54.6267,right,SomMot,Schaefer1000
RH_SomMot_65,43.3846,-8.9744,59.7949,right,SomMot,Schaefer1000
RH_SomMot_66,6.3294,-15.1882,51.8706,right,SomMot,Schaefer1000
RH_SomMot_67,8.8608,-30.4304,50.0253,right,SomMot,Schaefer1000
RH_SomMot_68,40.6757,-17.4324,55.6216,right,SomMot,Schaefer1000
RH_SomMot_69,29.5000,-37.2273,55.7727,right,SomMot,Schaefer1000
RH_SomMot_70,39.2632,-33.7474,60.6105,right,SomMot,Schaefer1000
RH_SomMot_71,38.9744,-24.2051,52.9744,right,SomMot,Schaefer1000
RH_SomMot_72,13.7500,-43.0000,57.7500,right,SomMot,Schaefer1000
RH_SomMot_73,41.5366,-28.6829,65.7805,right,SomMot,Schaefer1000
RH_SomMot_74,6.3500,-36.8000,55.2500,right,SomMot,Schaefer1000
RH_SomMot_75,37.8491,-16.0755,66.6415,right,SomMot,Schaefer1000
RH_SomMot_76,31.6213,-40.7692,65.1124,right,SomMot,Schaefer1000
RH_SomMot_77,4.5575,-23.2920,58.1593,right,SomMot,Schaefer1000
RH_SomMot_78,32.1923,-27.3654,61.1538,right,SomMot,Schaefer1000
RH_SomMot_79,29.2522,-33.9826,65.2174,right,SomMot,Schaefer1000
RH_SomMot_80,30.9194,-23.5000,59.8387,right,SomMot,Schaefer1000
RH_SomMot_81,27.8636,-11.1477,64.9318,right,SomMot,Schaefer1000
RH_SomMot_82,8.2933,-40.1867,62.3467,right,SomMot,Schaefer1000
RH_SomMot_83,4.5882,-10.8627,65.9608,right,SomMot,Schaefer1000
RH_SomMot_84,27.2812,-18.2812,72.6250,right,SomMot,Schaefer1000
RH_SomMot_85,2.9189,-33.4865,64.1351,right,SomMot,Schaefer1000
RH_SomMot_86,24.4340,-28.3962,66.6981,right,SomMot,Schaefer1000
RH_SomMot_87,24.0404,-42.9091,66.5051,right,SomMot,Schaefer1000
RH_SomMot_88,22.7126,-34.0920,69.3563,right,SomMot,Schaefer1000
RH_SomMot_89,13.6667,-41.0833,68.4167,right,SomMot,Schaefer1000
RH_SomMot_90,20.5600,-24.4200,66.6400,right,SomMot,Schaefer1000
RH_SomMot_91,11.3448,-4.8966,72.5517,right,SomMot,Schaefer1000
RH_SomMot_92,19.8156,-13.2624,71.3617,right,SomMot,Schaefer1000
RH_SomMot_93,5.4717,-40.4906,70.1132,right,SomMot,Schaefer1000
RH_SomMot_94,14.8852,-44.7213,76.5246,right,SomMot,Schaefer1000
RH_SomMot_95,6.7283,-18.9480,73.0520,right,SomMot,Schaefer1000
RH_SomMot_96,12.9744,-14.0256,72.9487,right,SomMot,Schaefer1000
RH_SomMot_97,21.3939,-38.2424,74.7273,right,SomMot,Schaefer1000
RH_SomMot_98,16.8364,-30.0727,70.5091,right,SomMot,Schaefer1000
RH_SomMot_99,19.4667,-30.8667,76.8000,right,SomMot,Schaefer1000
RH_SomMot_100,4.6531,-31.5510,73.2245,right,SomMot,Schaefer1000
RH_SomMot_101,11.2706,-38.0000,76.9412,right,SomMot,Schaefer1000
RH_SomMot_102,13.5728,-26.0777,72.1748,right,SomMot,Schaefer1000
RH_SomMot_103,12.0253,-32.5316,75.0380,right,SomMot,Schaefer1000
RH_DorsAttn_Post_1,48.6447,-34.6579,-22.6184,right,DorsAttn,Schaefer1000
RH_DorsAttn_Post_2,45.7176,-45.4588,-21.1294,right,DorsAttn,Schaefer1000
RH_DorsAttn_Post_3,50.9430,-45.0494,-18.6388,right,DorsAttn,Schaefer1000
RH_DorsAttn_Post_4,48.5882,-60.1176,-12.5255,right,DorsAttn,Schaefer1000
RH_DorsAttn_Post_5,58.7937,-53.4815,-15.7672,right,DorsAttn,Schaefer1000
RH_DorsAttn_Post_6,56.7300,-55.0722,-4.7529,right,DorsAttn,Schaefer1000
RH_DorsAttn_Post_7,62.0482,-54.8916,1.3012,right,DorsAttn,Schaefer1000
RH_DorsAttn_Post_8,50.3735,-59.3253,4.9036,right,DorsAttn,Schaefer1000
RH_DorsAttn_Post_9,51.8710,-59.8226,12.9839,right,DorsAttn,Schaefer1000
RH_DorsAttn_Post_10,50.3036,-53.4643,14.5000,right,DorsAttn,Schaefer1000
RH_DorsAttn_Post_11,46.0602,-67.2651,18.3614,right,DorsAttn,Schaefer1000
RH_DorsAttn_Post_12,46.5551,-75.1101,27.4009,right,DorsAttn,Schaefer1000
RH_DorsAttn_Post_13,38.0842,-77.2842,31.7263,right,DorsAttn,Schaefer1000
RH_DorsAttn_Post_14,58.3684,-18.7895,34.7895,right,DorsAttn,Schaefer1000
RH_DorsAttn_Post_15,35.0588,-71.6340,39.9477,right,DorsAttn,Schaefer1000
RH_DorsAttn_Post_16,30.7412,-65.8588,33.3294,right,DorsAttn,Schaefer1000
RH_DorsAttn_Post_17,56.4466,-22.0583,43.4369,right,DorsAttn,Schaefer1000
RH_DorsAttn_Post_18,54.2222,-28.2667,51.1556,right,DorsAttn,Schaefer1000
RH_DorsAttn_Post_19,31.6311,-68.4466,48.4078,right,DorsAttn,Schaefer1000
RH_DorsAttn_Post_20,48.1026,-35.8718,54.0513,right,DorsAttn,Schaefer1000
RH_DorsAttn_Post_21,24.0328,-74.2295,51.3443,right,DorsAttn,Schaefer1000
RH_DorsAttn_Post_22,23.6386,-65.6627,45.5904,right,DorsAttn,Schaefer1000
RH_DorsAttn_Post_23,47.7009,-27.4953,41.9813,right,DorsAttn,Schaefer1000
RH_DorsAttn_Post_24,28.9394,-64.1970,51.5455,right,DorsAttn,Schaefer1000
RH_DorsAttn_Post_25,37.5294,-41.9085,44.3529,right,DorsAttn,Schaefer1000
RH_DorsAttn_Post_26,41.8824,-37.6863,54.9020,right,DorsAttn,Schaefer1000
RH_DorsAttn_Post_27,14.3279,-76.1967,52.0164,right,DorsAttn,Schaefer1000
RH_DorsAttn_Post_28,39.7471,-32.5517,44.9195,right,DorsAttn,Schaefer1000
RH_DorsAttn_Post_29,36.1364,-57.9545,51.1364,right,DorsAttn,Schaefer1000
RH_DorsAttn_Post_30,42.2264,-27.1698,43.5849,right,DorsAttn,Schaefer1000
RH_DorsAttn_Post_31,35.6471,-45.3765,51.9059,right,DorsAttn,Schaefer1000
RH_DorsAttn_Post_32,30.7714,-58.9429,57.5286,right,DorsAttn,Schaefer1000
RH_DorsAttn_Post_33,6.4507,-51.6901,50.1690,right,DorsAttn,Schaefer1000
RH_DorsAttn_Post_34,30.3894,-51.0088,52.1239,right,DorsAttn,Schaefer1000
RH_DorsAttn_Post_35,34.2222,-33.7111,48.7556,right,DorsAttn,Schaefer1000
RH_DorsAttn_Post_36,37.9512,-40.0488,58.4634,right,DorsAttn,Schaefer1000
RH_DorsAttn_Post_37,17.0667,-69.0222,54.5556,right,DorsAttn,Schaefer1000
RH_DorsAttn_Post_38,4.7711,-66.0723,52.2651,right,DorsAttn,Schaefer1000
RH_DorsAttn_Post_39,24.0448,-65.2537,56.6866,right,DorsAttn,Schaefer1000
RH_DorsAttn_Post_40,9.7308,-71.0577,54.0577,right,DorsAttn,Schaefer1000
RH_DorsAttn_Post_41,7.3793,-56.3966,54.0345,right,DorsAttn,Schaefer1000
RH_DorsAttn_Post_42,37.1959,-47.9381,61.7526,right,DorsAttn,Schaefer1000
RH_DorsAttn_Post_43,30.3784,-53.1171,62.3243,right,DorsAttn,Schaefer1000
RH_DorsAttn_Post_44,23.6935,-59.2581,62.0484,right,DorsAttn,Schaefer1000
RH_DorsAttn_Post_45,20.3548,-65.5806,64.8065,right,DorsAttn,Schaefer1000
RH_DorsAttn_Post_46,10.7107,-63.6281,62.7025,right,DorsAttn,Schaefer1000
RH_DorsAttn_Post_47,5.9770,-54.0460,60.9885,right,DorsAttn,Schaefer1000
RH_DorsAttn_Post_48,29.9823,-48.9027,69.2389,right,DorsAttn,Schaefer1000
RH_DorsAttn_Post_49,22.6067,-55.7528,70.4494,right,DorsAttn,Schaefer1000
RH_DorsAttn_Post_50,15.6267,-56.8000,67.2800,right,DorsAttn,Schaefer1000
RH_DorsAttn_Post_51,8.9718,-50.8592,69.9296,right,DorsAttn,Schaefer1000
RH_DorsAttn_Post_52,18.9816,-48.2822,69.5706,right,DorsAttn,Schaefer1000
RH_DorsAttn_FEF_1,41.1030,-2.7758,51.4424,right,DorsAttn,Schaefer1000
RH_DorsAttn_FEF_2,31.5705,-1.3154,51.2886,right,DorsAttn,Schaefer1000
RH_DorsAttn_FEF_3,25.6327,4.2721,53.3469,right,DorsAttn,Schaefer1000
RH_DorsAttn_FEF_4,34.7080,-7.2389,58.5133,right,DorsAttn,Schaefer1000
RH_DorsAttn_FEF_5,25.9000,-7.2143,52.1571,right,DorsAttn,Schaefer1000
RH_DorsAttn_FEF_6,24.6034,-3.7069,62.3103,right,DorsAttn,Schaefer1000
RH_DorsAttn_PrCv_1,49.5333,12.4667,20.9333,right,DorsAttn,Schaefer1000
RH_DorsAttn_PrCv_2,43.4836,7.6885,25.5082,right,DorsAttn,Schaefer1000
RH_DorsAttn_PrCv_3,54.5963,8.7702,30.1491,right,DorsAttn,Schaefer1000
RH_SalVentAttn_TempOccPar_1,62.9774,-45.4135,3.8045,right,SalVentAttn,Schaefer1000
RH_SalVentAttn_TempOccPar_2,56.1739,-42.8478,8.1739,right,SalVentAttn,Schaefer1000
RH_SalVentAttn_TempOccPar_3,58.6720,-54.4000,8.0480,right,SalVentAttn,Schaefer1000
RH_SalVentAttn_TempOccPar_4,51.8382,-39.7206,12.4559,right,SalVentAttn,Schaefer1000
RH_SalVentAttn_TempOccPar_5,55.8519,-40.0741,20.3704,right,SalVentAttn,Schaefer1000
RH_SalVentAttn_TempOccPar_6,64.4404,-30.9358,19.0826,right,SalVentAttn,Schaefer1000
RH_SalVentAttn_TempOccPar_7,53.7143,-32.9670,23.5385,right,SalVentAttn,Schaefer1000
RH_SalVentAttn_TempOccPar_8,64.2319,-39.1304,19.3913,right,SalVentAttn,Schaefer1000
RH_SalVentAttn_TempOccPar_9,50.9714,-27.3143,25.4286,right,SalVentAttn,Schaefer1000
RH_SalVentAttn_TempOccPar_10,63.4151,-31.0566,28.6226,right,SalVentAttn,Schaefer1000
RH_SalVentAttn_TempOccPar_11,61.0000,-19.7945,19.1096,right,SalVentAttn,Schaefer1000
RH_SalVentAttn_TempOccPar_12,55.3659,-30.5366,33.5610,right,SalVentAttn,Schaefer1000
RH_SalVentAttn_TempOccPar_13,63.5147,-39.6324,27.8235,right,SalVentAttn,Schaefer1000
RH_SalVentAttn_TempOccPar_14,60.7559,-24.6929,27.7165,right,SalVentAttn,Schaefer1000
RH_SalVentAttn_TempOccPar_15,62.5556,-28.5278,38.8056,right,SalVentAttn,Schaefer1000
RH_SalVentAttn_TempOccPar_16,63.4639,-18.2680,28.3711,right,SalVentAttn,Schaefer1000
RH_SalVentAttn_TempOccPar_17,64.2989,-34.4828,38.8276,right,SalVentAttn,Schaefer1000
RH_SalVentAttn_TempOccPar_18,63.8675,-22.2914,40.4371,right,SalVentAttn,Schaefer1000
RH_SalVentAttn_PrC_1,49.2901,3.8855,40.4656,right,SalVentAttn,Schaefer1000
RH_SalVentAttn_PrC_2,49.3778,-1.2444,47.2000,right,SalVentAttn,Schaefer1000
RH_SalVentAttn_FrOperIns_1,38.0727,7.6000,-20.5455,right,SalVentAttn,Schaefer1000
RH_SalVentAttn_FrOperIns_2,38.2198,10.7692,-11.2967,right,SalVentAttn,Schaefer1000
RH_SalVentAttn_FrOperIns_3,46.3030,6.3636,-14.4848,right,SalVentAttn,Schaefer1000
RH_SalVentAttn_FrOperIns_4,40.0741,1.1296,-12.0000,right,SalVentAttn,Schaefer1000
RH_SalVentAttn_FrOperIns_5,40.6667,9.7312,-2.8065,right,SalVentAttn,Schaefer1000
RH_SalVentAttn_FrOperIns_6,40.7260,-6.8082,-6.7945,right,SalVentAttn,Schaefer1000
RH_SalVentAttn_FrOperIns_7,46.4375,-9.1250,-6.1250,right,SalVentAttn,Schaefer1000
RH_SalVentAttn_FrOperIns_8,33.3538,24.4462,1.3538,right,SalVentAttn,Schaefer1000
RH_SalVentAttn_FrOperIns_9,37.6364,5.7576,4.0404,right,SalVentAttn,Schaefer1000
RH_SalVentAttn_FrOperIns_10,37.3871,30.3548,2.1613,right,SalVentAttn,Schaefer1000
RH_SalVentAttn_FrOperIns_11,39.3441,-14.0000,2.0215,right,SalVentAttn,Schaefer1000
RH_SalVentAttn_FrOperIns_12,33.7143,19.7922,9.4545,right,SalVentAttn,Schaefer1000
RH_SalVentAttn_FrOperIns_13,41.4286,24.0336,5.4454,right,SalVentAttn,Schaefer1000
RH_SalVentAttn_FrOperIns_14,35.0000,5.4583,10.2500,right,SalVentAttn,Schaefer1000
RH_SalVentAttn_FrOperIns_15,47.0127,20.9873,2.7848,right,SalVentAttn,Schaefer1000
RH_SalVentAttn_FrOperIns_16,37.8077,12.2692,9.1154,right,SalVentAttn,Schaefer1000
RH_SalVentAttn_FrOperIns_17,44.2703,12.5405,4.3063,right,SalVentAttn,Schaefer1000
RH_SalVentAttn_FrOperIns_18,39.6610,2.2712,13.4576,right,SalVentAttn,Schaefer1000
RH_SalVentAttn_FrOperIns_19,49.5294,8.8908,-0.0336,right,SalVentAttn,Schaefer1000
RH_SalVentAttn_FrOperIns_20,47.5221,-0.6549,6.6372,right,SalVentAttn,Schaefer1000
RH_SalVentAttn_FrOperIns_21,53.1867,13.0400,8.6667,right,SalVentAttn,Schaefer1000
RH_SalVentAttn_FrOperIns_22,57.6792,4.2075,5.6604,right,SalVentAttn,Schaefer1000
RH_SalVentAttn_FrOperIns_23,55.8361,9.1967,12.9016,right,SalVentAttn,Schaefer1000
RH_SalVentAttn_FrOperIns_24,59.4091,9.0000,19.7500,right,SalVentAttn,Schaefer1000
RH_SalVentAttn_PFCl_1,31.1863,47.2941,20.9706,right,SalVentAttn,Schaefer1000
RH_SalVentAttn_PFCl_2,28.4218,44.7483,32.8980,right,SalVentAttn,Schaefer1000
RH_SalVentAttn_Med_1,5.1096,23.6712,26.9863,right,SalVentAttn,Schaefer1000
RH_SalVentAttn_Med_2,4.1346,9.1346,34.1538,right,SalVentAttn,Schaefer1000
RH_SalVentAttn_Med_3,4.1818,-5.0909,36.3636,right,SalVentAttn,Schaefer1000
RH_SalVentAttn_Med_4,8.3750,23.9792,37.8958,right,SalVentAttn,Schaefer1000
RH_SalVentAttn_Med_5,8.3787,13.2359,39.4419,right,SalVentAttn,Schaefer1000
RH_SalVentAttn_Med_6,8.4074,-25.2593,40.6296,right,SalVentAttn,Schaefer1000
RH_SalVentAttn_Med_7,7.7193,-14.8070,40.3860,right,SalVentAttn,Schaefer1000
RH_SalVentAttn_Med_8,10.0870,-33.8696,42.3043,right,SalVentAttn,Schaefer1000
RH_SalVentAttn_Med_9,13.1667,-24.3750,38.8750,right,SalVentAttn,Schaefer1000
RH_SalVentAttn_Med_10,12.2154,-39.2615,45.0462,right,SalVentAttn,Schaefer1000
RH_SalVentAttn_Med_11,7.1458,14.1458,50.4792,right,SalVentAttn,Schaefer1000
RH_SalVentAttn_Med_12,14.6383,-30.4255,43.6596,right,SalVentAttn,Schaefer1000
RH_SalVentAttn_Med_13,8.8000,-42.9524,50.9143,right,SalVentAttn,Schaefer1000
RH_SalVentAttn_Med_14,14.3077,-36.6154,51.5692,right,SalVentAttn,Schaefer1000
RH_SalVentAttn_Med_15,4.9505,10.8911,59.3663,right,SalVentAttn,Schaefer1000
RH_SalVentAttn_Med_16,6.2667,-46.7733,57.4933,right,SalVentAttn,Schaefer1000
RH_SalVentAttn_Med_17,6.6619,0.3669,66.1583,right,SalVentAttn,Schaefer1000
RH_SalVentAttn_Med_18,10.4571,-46.6857,63.9429,right,SalVentAttn,Schaefer1000
RH_SalVentAttn_Med_19,15.6640,6.3680,69.2160,right,SalVentAttn,Schaefer1000
RH_SalVentAttn_Med_20,18.8934,-4.5888,68.8629,right,SalVentAttn,Schaefer1000
RH_Limbic_OFC_1,20.9420,13.2754,-22.3913,right,Limbic,Schaefer1000
RH_Limbic_OFC_2,14.3011,16.2366,-17.0323,right,Limbic,Schaefer1000
RH_Limbic_OFC_3,15.1538,27.2308,-23.7231,right,Limbic,Schaefer1000
RH_Limbic_OFC_4,10.0392,27.2353,-19.9804,right,Limbic,Schaefer1000
RH_Limbic_OFC_5,10.1074,40.8993,-23.3020,right,Limbic,Schaefer1000
RH_Limbic_OFC_6,23.2793,28.2973,-18.5586,right,Limbic,Schaefer1000
RH_Limbic_OFC_7,16.0455,47.8864,-19.7727,right,Limbic,Schaefer1000
RH_Limbic_OFC_8,4.8966,19.7854,-20.0383,right,Limbic,Schaefer1000
RH_Limbic_OFC_9,3.3398,40.4272,-24.8350,right,Limbic,Schaefer1000
RH_Limbic_OFC_10,6.4343,54.5600,-22.2514,right,Limbic,Schaefer1000
RH_Limbic_OFC_11,14.9120,60.0800,-17.4560,right,Limbic,Schaefer1000
RH_Limbic_OFC_12,4.0110,26.3315,-11.5359,right,Limbic,Schaefer1000
RH_Limbic_OFC_13,6.7581,63.3468,-11.2742,right,Limbic,Schaefer1000
RH_Limbic_OFC_14,21.7569,62.0784,-9.5843,right,Limbic,Schaefer1000
RH_Limbic_TempPole_1,28.4495,2.0657,-44.1768,right,Limbic,Schaefer1000
RH_Limbic_TempPole_2,34.7192,10.6404,-40.2759,right,Limbic,Schaefer1000
RH_Limbic_TempPole_3,48.8836,-5.4442,-39.8622,right,Limbic,Schaefer1000
RH_Limbic_TempPole_4,40.1747,-9.5459,-34.6725,right,Limbic,Schaefer1000
RH_Limbic_TempPole_5,30.9894,-9.6138,-35.0847,right,Limbic,Schaefer1000
RH_Limbic_TempPole_6,20.1905,0.2381,-32.2381,right,Limbic,Schaefer1000
RH_Limbic_TempPole_7,24.2785,8.9114,-31.6540,right,Limbic,Schaefer1000
RH_Limbic_TempPole_8,50.2829,-19.9512,-30.9073,right,Limbic,Schaefer1000
RH_Limbic_TempPole_9,42.3158,-20.9323,-25.4135,right,Limbic,Schaefer1000
RH_Limbic_TempPole_10,36.9845,20.8731,-32.0805,right,Limbic,Schaefer1000
RH_Limbic_TempPole_11,59.2893,-20.2975,-29.8678,right,Limbic,Schaefer1000
RH_Limbic_TempPole_12,21.5286,-12.6000,-29.7143,right,Limbic,Schaefer1000
RH_Limbic_TempPole_13,43.5556,-30.1852,-22.6852,right,Limbic,Schaefer1000
RH_Limbic_TempPole_14,32.3040,10.3200,-27.4240,right,Limbic,Schaefer1000
RH_Limbic_TempPole_15,33.3287,-22.0280,-25.4825,right,Limbic,Schaefer1000
RH_Limbic_TempPole_16,22.0190,-22.1143,-24.0000,right,Limbic,Schaefer1000
RH_Limbic_TempPole_17,42.4364,12.2909,-21.1455,right,Limbic,Schaefer1000
RH_Cont_Par_1,60.5957,-44.7660,31.7021,right,Cont,Schaefer1000
RH_Cont_Par_2,58.6555,-45.6639,40.4538,right,Cont,Schaefer1000
RH_Cont_Par_3,59.2966,-38.5379,38.9379,right,Cont,Schaefer1000
RH_Cont_Par_4,39.8000,-75.7500,42.5750,right,Cont,Schaefer1000
RH_Cont_Par_5,55.2781,-50.8402,46.2130,right,Cont,Schaefer1000
RH_Cont_Par_6,59.9388,-31.6122,50.2041,right,Cont,Schaefer1000
RH_Cont_Par_7,55.3913,-40.8261,47.5362,right,Cont,Schaefer1000
RH_Cont_Par_8,47.3867,-57.2800,53.7067,right,Cont,Schaefer1000
RH_Cont_Par_9,52.9615,-34.5769,49.3077,right,Cont,Schaefer1000
RH_Cont_Par_10,49.2188,-44.1875,49.8438,right,Cont,Schaefer1000
RH_Cont_Par_11,48.1887,-49.6226,54.1887,right,Cont,Schaefer1000
RH_Cont_Par_12,49.2500,-39.2083,47.5417,right,Cont,Schaefer1000
RH_Cont_Par_13,37.5273,-67.6000,49.4182,right,Cont,Schaefer1000
RH_Cont_Par_14,41.9310,-58.0000,50.6379,right,Cont,Schaefer1000
RH_Cont_Par_15,43.3621,-48.6724,46.9483,right,Cont,Schaefer1000
RH_Cont_Par_16,43.7664,-39.6204,45.4015,right,Cont,Schaefer1000
RH_Cont_Par_17,35.4186,-51.4884,42.3140,right,Cont,Schaefer1000
RH_Cont_Temp_1,59.1633,-29.0518,-23.2191,right,Cont,Schaefer1000
RH_Cont_Temp_2,60.4082,-38.6803,-18.9796,right,Cont,Schaefer1000
RH_Cont_Temp_3,63.4932,-40.9658,-10.6096,right,Cont,Schaefer1000
RH_Cont_Temp_4,65.4524,-46.7619,-2.6667,right,Cont,Schaefer1000
RH_Cont_PFCv_1,34.0678,20.3729,-6.6610,right,Cont,Schaefer1000
RH_Cont_PFCv_2,34.3158,26.6316,-7.0526,right,Cont,Schaefer1000
RH_Cont_PFCl_1,24.1436,40.6188,-16.1436,right,Cont,Schaefer1000
RH_Cont_PFCl_2,28.0000,51.8439,-14.2439,right,Cont,Schaefer1000
RH_Cont_PFCl_3,39.8819,51.8898,-12.3858,right,Cont,Schaefer1000
RH_Cont_PFCl_4,32.3661,58.6964,-1.7768,right,Cont,Schaefer1000
RH_Cont_PFCl_5,43.4242,49.6288,-3.6515,right,Cont,Schaefer1000
RH_Cont_PFCl_6,23.2296,62.5556,1.5852,right,Cont,Schaefer1000
RH_Cont_PFCl_7,49.2893,40.3655,3.8274,right,Cont,Schaefer1000
RH_Cont_PFCl_8,40.9876,49.7842,6.7386,right,Cont,Schaefer1000
RH_Cont_PFCl_9,31.2028,55.3007,10.2587,right,Cont,Schaefer1000
RH_Cont_PFCl_10,53.5165,30.6044,14.5275,right,Cont,Schaefer1000
RH_Cont_PFCl_11,25.7732,60.7835,14.1031,right,Cont,Schaefer1000
RH_Cont_PFCl_12,42.2710,38.8598,12.4299,right,Cont,Schaefer1000
RH_Cont_PFCl_13,54.2264,18.0000,20.1384,right,Cont,Schaefer1000
RH_Cont_PFCl_14,41.8125,48.4219,18.3438,right,Cont,Schaefer1000
RH_Cont_PFCl_15,46.1769,28.8639,21.7959,right,Cont,Schaefer1000
RH_Cont_PFCl_16,45.0208,17.9583,24.2292,right,Cont,Schaefer1000
RH_Cont_PFCl_17,24.9204,55.2448,25.4867,right,Cont,Schaefer1000
RH_Cont_PFCl_18,46.1677,36.3114,25.7964,right,Cont,Schaefer1000
RH_Cont_PFCl_19,38.3379,41.3790,29.1142,right,Cont,Schaefer1000
RH_Cont_PFCl_20,50.5350,24.2420,31.3121,right,Cont,Schaefer1000
RH_Cont_PFCl_21,41.1407,17.0815,30.1778,right,Cont,Schaefer1000
RH_Cont_PFCl_22,43.6021,29.8429,36.1780,right,Cont,Schaefer1000
RH_Cont_PFCl_23,37.2866,8.5478,34.4586,right,Cont,Schaefer1000
RH_Cont_PFCl_24,34.8710,36.3441,40.4194,right,Cont,Schaefer1000
RH_Cont_PFCl_25,46.8689,15.9262,39.5000,right,Cont,Schaefer1000
RH_Cont_PFCl_26,40.4954,9.9817,45.0826,right,Cont,Schaefer1000
RH_Cont_PFCl_27,41.3382,23.3527,46.9745,right,Cont,Schaefer1000
RH_Cont_PFCl_28,32.6452,30.1290,47.1613,right,Cont,Schaefer1000
RH_Cont_PFCl_29,44.3152,5.5515,50.4485,right,Cont,Schaefer1000
RH_Cont_PFCl_30,38.4062,10.2188,57.8500,right,Cont,Schaefer1000
RH_Cont_PFCl_31,30.8376,17.0342,52.9829,right,Cont,Schaefer1000
RH_Cont_PFCl_32,24.5505,16.6422,46.4404,right,Cont,Schaefer1000
RH_Cont_PFCl_33,19.8810,17.6905,62.2738,right,Cont,Schaefer1000
RH_Cont_PFCl_34,24.1423,8.7341,62.0449,right,Cont,Schaefer1000
RH_Cont_pCun_1,14.0000,-68.2512,35.0242,right,Cont,Schaefer1000
RH_Cont_pCun_3,13.7024,-75.2143,43.7738,right,Cont,Schaefer1000
RH_Cont_pCun_5,5.0606,-74.0303,46.5152,right,Cont,Schaefer1000
RH_Cont_Cing_1,5.8333,-22.3333,26.6667,right,Cont,Schaefer1000
RH_Cont_Cing_2,5.3171,9.0244,27.5610,right,Cont,Schaefer1000
RH_Cont_Cing_3,6.8333,-32.2619,26.9524,right,Cont,Schaefer1000
RH_Cont_Cing_4,5.2917,-0.7917,30.1250,right,Cont,Schaefer1000
RH_Cont_Cing_5,5.1605,-15.7778,30.2469,right,Cont,Schaefer1000
RH_Cont_PFCmp_1,7.5980,35.4510,20.2255,right,Cont,Schaefer1000
RH_Cont_PFCmp_2,9.9494,28.1266,28.2532,right,Cont,Schaefer1000
RH_Cont_PFCmp_3,6.2390,34.9811,32.7296,right,Cont,Schaefer1000
RH_Cont_PFCmp_4,4.5567,38.4021,47.6186,right,Cont,Schaefer1000
RH_Cont_PFCmp_5,5.0263,25.4035,48.3333,right,Cont,Schaefer1000
RH_Default_Par_1,57.7200,-48.1600,10.3000,right,Default,Schaefer1000
RH_Default_Par_2,53.3182,-44.9091,17.4091,right,Default,Schaefer1000
RH_Default_Par_3,49.2857,-58.6122,19.1837,right,Default,Schaefer1000
RH_Default_Par_4,50.4854,-50.7379,18.8932,right,Default,Schaefer1000
RH_Default_Par_5,55.0654,-46.8037,22.6542,right,Default,Schaefer1000
RH_Default_Par_6,50.3768,-63.5072,25.3140,right,Default,Schaefer1000
RH_Default_Par_7,55.0423,-42.8732,26.8451,right,Default,Schaefer1000
RH_Default_Par_8,47.2407,-55.0556,27.3704,right,Default,Schaefer1000
RH_Default_Par_9,57.4454,-52.9076,24.1513,right,Default,Schaefer1000
RH_Default_Par_10,54.8276,-46.4828,31.6552,right,Default,Schaefer1000
RH_Default_Par_11,49.2909,-60.5455,33.9636,right,Default,Schaefer1000
RH_Default_Par_12,47.7852,-68.8322,35.6644,right,Default,Schaefer1000
RH_Default_Par_13,56.6364,-53.4318,33.0795,right,Default,Schaefer1000
RH_Default_Par_14,48.7714,-62.5714,41.7286,right,Default,Schaefer1000
RH_Default_Par_15,53.1079,-57.5252,43.3525,right,Default,Schaefer1000
RH_Default_Par_16,43.7179,-67.8718,48.5128,right,Default,Schaefer1000
RH_Default_Temp_1,47.1482,9.7898,-36.6253,right,Default,Schaefer1000
RH_Default_Temp_2,49.9200,-0.5867,-32.3467,right,Default,Schaefer1000
RH_Default_Temp_3,59.6878,-8.0585,-24.6732,right,Default,Schaefer1000
RH_Default_Temp_4,51.9222,8.0556,-26.1778,right,Default,Schaefer1000
RH_Default_Temp_5,48.9789,17.2000,-21.8316,right,Default,Schaefer1000
RH_Default_Temp_6,57.5122,-3.9512,-17.4472,right,Default,Schaefer1000
RH_Default_Temp_7,64.0000,-24.0925,-16.8439,right,Default,Schaefer1000
RH_Default_Temp_8,65.6033,-11.4876,-12.5950,right,Default,Schaefer1000
RH_Default_Temp_9,53.4952,4.2381,-15.0667,right,Default,Schaefer1000
RH_Default_Temp_10,67.1930,-30.0702,-12.3158,right,Default,Schaefer1000
RH_Default_Temp_11,50.6476,-8.1524,-13.0095,right,Default,Schaefer1000
RH_Default_Temp_12,63.8238,-21.3264,-8.4560,right,Default,Schaefer1000
RH_Default_Temp_13,50.1538,-17.2967,-10.5275,right,Default,Schaefer1000
RH_Default_Temp_14,54.2740,-27.2055,-6.3836,right,Default,Schaefer1000
RH_Default_Temp_15,64.8161,-33.1954,-1.8621,right,Default,Schaefer1000
RH_Default_Temp_16,48.4935,-22.4675,-4.6494,right,Default,Schaefer1000
RH_Default_Temp_17,47.8750,-29.6500,-0.7500,right,Default,Schaefer1000
RH_Default_Temp_18,55.5054,-36.8172,-0.6452,right,Default,Schaefer1000
RH_Default_PFCv_1,28.7971,19.0000,-20.2899,right,Default,Schaefer1000
RH_Default_PFCv_2,31.4521,19.8630,-12.6575,right,Default,Schaefer1000
RH_Default_PFCv_3,35.0909,26.6263,-19.0909,right,Default,Schaefer1000
RH_Default_PFCv_4,35.3048,37.1905,-12.8095,right,Default,Schaefer1000
RH_Default_PFCv_5,41.1634,25.3072,-13.8954,right,Default,Schaefer1000
RH_Default_PFCv_6,47.5141,34.4407,-14.1695,right,Default,Schaefer1000
RH_Default_PFCv_7,42.3614,26.1928,-5.4699,right,Default,Schaefer1000
RH_Default_PFCv_8,50.0000,33.1209,-5.9670,right,Default,Schaefer1000
RH_Default_PFCv_9,52.5521,29.3333,1.4688,right,Default,Schaefer1000
RH_Default_PFCv_10,55.6111,21.3889,8.9167,right,Default,Schaefer1000
RH_Default_PFCdPFCm_1,5.4847,45.0237,-12.4203,right,Default,Schaefer1000
RH_Default_PFCdPFCm_2,5.5130,34.6435,-5.1304,right,Default,Schaefer1000
RH_Default_PFCdPFCm_3,7.4069,52.1793,-3.5034,right,Default,Schaefer1000
RH_Default_PFCdPFCm_4,8.7826,67.2935,0.2283,right,Default,Schaefer1000
RH_Default_PFCdPFCm_5,9.9661,45.5254,-0.8814,right,Default,Schaefer1000
RH_Default_PFCdPFCm_6,17.3805,67.2920,10.0708,right,Default,Schaefer1000
RH_Default_PFCdPFCm_7,7.7684,41.6895,6.9000,right,Default,Schaefer1000
RH_Default_PFCdPFCm_8,7.2863,57.5202,10.3911,right,Default,Schaefer1000
RH_Default_PFCdPFCm_9,6.0260,29.8701,13.8442,right,Default,Schaefer1000
RH_Default_PFCdPFCm_10,15.8773,63.5092,20.5644,right,Default,Schaefer1000
RH_Default_PFCdPFCm_11,7.6571,45.1857,21.7857,right,Default,Schaefer1000
RH_Default_PFCdPFCm_12,5.7931,19.2069,21.8966,right,Default,Schaefer1000
RH_Default_PFCdPFCm_13,5.9265,57.5515,28.1691,right,Default,Schaefer1000
RH_Default_PFCdPFCm_14,15.2653,54.3946,35.0476,right,Default,Schaefer1000
RH_Default_PFCdPFCm_15,4.9868,46.3158,35.0132,right,Default,Schaefer1000
RH_Default_PFCdPFCm_16,19.9388,45.9592,36.3061,right,Default,Schaefer1000
RH_Default_PFCdPFCm_17,25.8182,34.1983,34.3471,right,Default,Schaefer1000
RH_Default_PFCdPFCm_18,9.4220,47.8613,47.5607,right,Default,Schaefer1000
RH_Default_PFCdPFCm_19,21.9495,40.4545,45.9394,right,Default,Schaefer1000
RH_Default_PFCdPFCm_20,27.0267,29.1444,41.9786,right,Default,Schaefer1000
RH_Default_PFCdPFCm_21,14.1255,33.5216,55.5294,right,Default,Schaefer1000
RH_Default_PFCdPFCm_22,23.8534,26.4138,52.9052,right,Default,Schaefer1000
RH_Default_PFCdPFCm_23,5.3514,23.6757,60.5405,right,Default,Schaefer1000
RH_Default_PFCdPFCm_24,11.0886,19.1561,63.8059,right,Default,Schaefer1000
RH_Default_pCunPCC_1,10.0800,-48.3467,7.5467,right,Default,Schaefer1000
RH_Default_pCunPCC_2,10.8889,-54.5694,13.2778,right,Default,Schaefer1000
RH_Default_pCunPCC_3,7.0000,-46.7143,14.2857,right,Default,Schaefer1000
RH_Default_pCunPCC_4,16.3626,-58.2807,21.2515,right,Default,Schaefer1000
RH_Default_pCunPCC_5,7.5172,-42.2759,22.6897,right,Default,Schaefer1000
RH_Default_pCunPCC_6,5.2908,-52.5106,19.9291,right,Default,Schaefer1000
RH_Default_pCunPCC_7,4.3000,-61.4500,22.8000,right,Default,Schaefer1000
RH_Default_pCunPCC_8,4.9773,-44.9545,28.6136,right,Default,Schaefer1000
RH_Default_pCunPCC_9,5.9077,-65.7846,27.8462,right,Default,Schaefer1000
RH_Default_pCunPCC_10,7.7538,-54.6462,29.1385,right,Default,Schaefer1000
RH_Default_pCunPCC_11,5.6438,-38.2740,32.3836,right,Default,Schaefer1000
RH_Default_pCunPCC_12,3.9497,-29.1824,35.8994,right,Default,Schaefer1000
RH_Default_pCunPCC_13,11.9143,-43.7143,34.1714,right,Default,Schaefer1000
RH_Default_pCunPCC_14,3.9636,-16.4000,37.2364,right,Default,Schaefer1000
RH_Default_pCunPCC_15,4.4466,-65.4369,36.0194,right,Default,Schaefer1000
RH_Default_pCunPCC_16,9.6230,-53.0984,36.2623,right,Default,Schaefer1000
RH_Default_pCunPCC_17,7.4697,-49.8182,43.9242,right,Default,Schaefer1000
RH_Default_pCunPCC_18,6.4167,-61.5714,43.9881,right,Default,Schaefer1000
RH_Cont_pCun_2,6.1579,-37.1842,39.4474,right,Cont,Schaefer1000
RH_Cont_pCun_4,7.7045,-44.3182,40.6818,right,Cont,Schaefer1000
Left Thalamus,-9.6805,-19.0825,6.1302,left,Subcortex,HarvardOxford
Left Caudate,-12.6858,9.7782,9.4168,left,Subcortex,HarvardOxford
Left Putamen,-24.8886,0.7635,0.2453,left,Subcortex,HarvardOxford
Left Pallidum,-19.2734,-4.7041,-1.2659,left,Subcortex,HarvardOxford
Brain-Stem,0.5775,-30.9947,-34.2556,midline,Subcortex,HarvardOxford
Left Hippocampus,-24.8538,-22.2229,-14.3386,left,Subcortex,HarvardOxford
Left Amygdala,-22.5752,-4.8562,-18.1373,left,Subcortex,HarvardOxford
Left Accumbens,-9.5056,11.4382,-7.2584,left,Subcortex,HarvardOxford
Right Thalamus,10.8854,-18.3258,6.5814,right,Subcortex,HarvardOxford
Right Caudate,13.2798,10.3209,10.4423,right,Subcortex,HarvardOxford
Right Putamen,25.4874,1.9447,0.2487,right,Subcortex,HarvardOxford
Right Pallidum,19.9769,-3.8462,-1.1308,right,Subcortex,HarvardOxford
Right Hippocampus,26.3743,-20.5857,-14.6686,right,Subcortex,HarvardOxford
Right Amygdala,22.9891,-3.6995,-18.0765,right,Subcortex,HarvardOxford
Right Accumbens,9.4762,12.0952,-6.6429,right,Subcortex,HarvardOxford
Subcortex_component,23.9476,-90.6481,-7.5122,right,Subcortex,DiFuMo1024
Subcortex_difumo_names,26.5873,-30.4071,31.8826,right,Subcortex,DiFuMo1024
Subcortex_yeo_networks7,38.3411,11.8477,24.7139,right,Subcortex,DiFuMo1024
Subcortex_yeo_networks17,31.5666,55.4975,22.3940,right,Subcortex,DiFuMo1024
Subcortex_wm,26.9379,-6.3793,-0.3693,right,Subcortex,DiFuMo1024
Brainstem_DiFuMo_8,2.9080,-4.8012,-17.6723,right,Brainstem,DiFuMo1024
Subcortex_DiFuMo_9,13.7296,-79.0311,6.3495,right,Subcortex,DiFuMo1024
Subcortex_DiFuMo_11,-25.9041,-73.3456,56.1252,left,Subcortex,DiFuMo1024
Subcortex_DiFuMo_13,32.3492,-11.1662,50.7721,right,Subcortex,DiFuMo1024
Subcortex_DiFuMo_15,63.8366,-5.2690,8.2942,right,Subcortex,DiFuMo1024
Subcortex_DiFuMo_18,35.3191,-66.9737,-0.8622,right,Subcortex,DiFuMo1024
Subcortex_DiFuMo_21,21.5332,-31.0745,50.2388,right,Subcortex,DiFuMo1024
Subcortex_DiFuMo_22,31.5864,-74.2116,-17.0424,right,Subcortex,DiFuMo1024
Subcortex_DiFuMo_26,-25.4616,22.6775,-6.7576,left,Subcortex,DiFuMo1024
Subcortex_DiFuMo_28,14.0523,-11.2968,14.4735,right,Subcortex,DiFuMo1024
Subcortex_DiFuMo_30,53.7191,-66.4146,2.2129,right,Subcortex,DiFuMo1024
Subcortex_DiFuMo_31,46.2329,22.5818,35.9572,right,Subcortex,DiFuMo1024
Subcortex_DiFuMo_34,-0.5640,-36.6197,5.6852,midline,Subcortex,DiFuMo1024
Subcortex_DiFuMo_37,-10.4753,-11.7055,6.9922,left,Subcortex,DiFuMo1024
Subcortex_DiFuMo_38,26.2541,-40.7926,-19.7701,right,Subcortex,DiFuMo1024
Subcortex_DiFuMo_39,-34.7916,-6.1902,46.3545,left,Subcortex,DiFuMo1024
Brainstem_DiFuMo_41,-8.2749,-67.2042,-13.6003,left,Brainstem,DiFuMo1024
Subcortex_DiFuMo_43,34.5375,-21.4667,70.7985,right,Subcortex,DiFuMo1024
Subcortex_DiFuMo_44,54.9935,-16.5384,10.2404,right,Subcortex,DiFuMo1024
Subcortex_DiFuMo_45,12.5002,-77.0289,-4.6350,right,Subcortex,DiFuMo1024
Subcortex_DiFuMo_46,36.5917,-2.2118,37.0152,right,Subcortex,DiFuMo1024
Subcortex_DiFuMo_47,-28.2300,12.5656,48.1248,left,Subcortex,DiFuMo1024
Subcortex_DiFuMo_48,12.1447,-64.3976,-12.6933,right,Subcortex,DiFuMo1024
Brainstem_DiFuMo_49,0.3518,-17.8062,-3.9265,midline,Brainstem,DiFuMo1024
Subcortex_DiFuMo_50,41.1721,-22.5305,25.9477,right,Subcortex,DiFuMo1024
Subcortex_DiFuMo_51,15.0202,-70.8078,60.7414,right,Subcortex,DiFuMo1024
Subcortex_DiFuMo_56,41.7529,22.3000,18.9493,right,Subcortex,DiFuMo1024
Brainstem_DiFuMo_57,11.2527,-27.2207,-11.2148,right,Brainstem,DiFuMo1024
Subcortex_DiFuMo_59,-13.7678,-90.4217,-6.7824,left,Subcortex,DiFuMo1024
Brainstem_DiFuMo_61,-1.4654,36.5474,-14.4676,left,Brainstem,DiFuMo1024
Cerebellum_DiFuMo_63,-22.4309,-38.5048,-32.6942,left,Cerebellum,DiFuMo1024
Brainstem_DiFuMo_64,9.5975,-38.1823,-10.2296,right,Brainstem,DiFuMo1024
Subcortex_DiFuMo_65,39.3865,51.5933,13.7251,right,Subcortex,DiFuMo1024
Subcortex_DiFuMo_67,7.3599,48.4344,29.8489,right,Subcortex,DiFuMo1024
Subcortex_DiFuMo_68,28.4511,-2.9608,7.6343,right,Subcortex,DiFuMo1024
Subcortex_DiFuMo_72,-53.6955,-65.4517,20.1707,left,Subcortex,DiFuMo1024
Subcortex_DiFuMo_73,-22.9517,-22.8061,48.5220,left,Subcortex,DiFuMo1024
Subcortex_DiFuMo_75,-23.2873,-38.3379,-24.5806,left,Subcortex,DiFuMo1024
Subcortex_DiFuMo_77,-39.2895,-14.8079,45.8252,left,Subcortex,DiFuMo1024
Subcortex_DiFuMo_78,-2.9261,-25.2361,80.9056,left,Subcortex,DiFuMo1024
Subcortex_DiFuMo_79,29.6859,-18.5631,3.5771,right,Subcortex,DiFuMo1024
Brainstem_DiFuMo_81,4.3903,8.6081,-9.7773,right,Brainstem,DiFuMo1024
Cerebellum_DiFuMo_83,0.4506,-52.3610,-53.0254,midline,Cerebellum,DiFuMo1024
Subcortex_DiFuMo_84,18.0272,-84.0446,-24.3352,right,Subcortex,DiFuMo1024
Subcortex_DiFuMo_85,8.5833,42.6080,15.5389,right,Subcortex,DiFuMo1024
Subcortex_DiFuMo_86,38.0353,23.5312,53.5632,right,Subcortex,DiFuMo1024
Subcortex_DiFuMo_88,-24.2646,9.6485,32.6342,left,Subcortex,DiFuMo1024
Subcortex_DiFuMo_89,-35.3176,37.6577,32.8811,left,Subcortex,DiFuMo1024
Brainstem_DiFuMo_91,0.8738,-30.5717,-7.3512,midline,Brainstem,DiFuMo1024
Subcortex_DiFuMo_92,22.6072,-52.8375,32.7859,right,Subcortex,DiFuMo1024
Subcortex_DiFuMo_94,1.0720,-21.4549,10.4568,right,Subcortex,DiFuMo1024
Subcortex_DiFuMo_95,-0.5431,50.0528,3.5612,midline,Subcortex,DiFuMo1024
Subcortex_DiFuMo_96,44.0508,-68.9322,25.6272,right,Subcortex,DiFuMo1024
Cerebellum_DiFuMo_97,3.9236,-43.4195,-45.3841,right,Cerebellum,DiFuMo1024
Subcortex_DiFuMo_98,14.2615,-17.1509,23.2928,right,Subcortex,DiFuMo1024
Subcortex_DiFuMo_99,32.0434,-15.4272,38.6314,right,Subcortex,DiFuMo1024
Brainstem_DiFuMo_105,11.2012,46.2082,-10.1256,right,Brainstem,DiFuMo1024
Subcortex_DiFuMo_106,-33.1193,-23.7585,2.5779,left,Subcortex,DiFuMo1024
Brainstem_DiFuMo_107,-0.7092,-24.0575,-22.4621,midline,Brainstem,DiFuMo1024
Subcortex_DiFuMo_108,-32.2889,43.7958,39.2863,left,Subcortex,DiFuMo1024
Brainstem_DiFuMo_110,-5.1464,-31.4172,-1.1905,left,Brainstem,DiFuMo1024
Subcortex_DiFuMo_113,-0.3299,-22.9564,46.0823,midline,Subcortex,DiFuMo1024
Subcortex_DiFuMo_114,31.5007,34.9534,17.5098,right,Subcortex,DiFuMo1024
Subcortex_DiFuMo_117,58.0427,26.6204,16.1779,right,Subcortex,DiFuMo1024
Subcortex_DiFuMo_118,-0.5376,-34.5094,12.0597,midline,Subcortex,DiFuMo1024
Subcortex_DiFuMo_119,-42.9579,-57.8421,-25.6874,left,Subcortex,DiFuMo1024
Subcortex_DiFuMo_124,-12.2458,0.1472,48.7266,left,Subcortex,DiFuMo1024
Subcortex_DiFuMo_126,-25.6780,-32.1649,65.1715,left,Subcortex,DiFuMo1024
Subcortex_DiFuMo_128,65.1752,-36.7841,33.3484,right,Subcortex,DiFuMo1024
Brainstem_DiFuMo_129,11.5662,-44.1203,-10.6546,right,Brainstem,DiFuMo1024
Subcortex_DiFuMo_130,-23.2351,-29.4375,3.8493,left,Subcortex,DiFuMo1024
Subcortex_DiFuMo_131,-59.9927,6.5771,28.4901,left,Subcortex,DiFuMo1024
Subcortex_DiFuMo_137,-19.2216,58.3320,2.4024,left,Subcortex,DiFuMo1024
Subcortex_DiFuMo_138,-38.3175,-46.8861,14.0771,left,Subcortex,DiFuMo1024
Subcortex_DiFuMo_139,27.7285,-4.1600,57.1478,right,Subcortex,DiFuMo1024
Subcortex_DiFuMo_142,-39.6293,-42.6378,-3.1271,left,Subcortex,DiFuMo1024
Subcortex_DiFuMo_143,62.2543,-43.3631,12.1816,right,Subcortex,DiFuMo1024
Subcortex_DiFuMo_144,0.1214,8.0659,0.6649,midline,Subcortex,DiFuMo1024
Subcortex_DiFuMo_145,43.6937,-47.3210,1.2453,right,Subcortex,DiFuMo1024
Subcortex_DiFuMo_146,-14.2734,2.6139,12.0783,left,Subcortex,DiFuMo1024
Subcortex_DiFuMo_147,41.4496,-7.5146,21.2850,right,Subcortex,DiFuMo1024
Subcortex_DiFuMo_148,20.2333,13.7400,-0.8097,right,Subcortex,DiFuMo1024
Subcortex_DiFuMo_150,-30.4453,-19.6346,73.3834,left,Subcortex,DiFuMo1024
Subcortex_DiFuMo_151,-51.2517,-14.9533,-14.1343,left,Subcortex,DiFuMo1024
Subcortex_DiFuMo_152,5.1861,15.1475,9.6474,right,Subcortex,DiFuMo1024
Subcortex_DiFuMo_153,-28.5914,-37.6701,56.2650,left,Subcortex,DiFuMo1024
Subcortex_DiFuMo_156,38.8458,-45.9393,-15.8990,right,Subcortex,DiFuMo1024
Subcortex_DiFuMo_159,-24.4072,36.2230,12.2749,left,Subcortex,DiFuMo1024
Cerebellum_DiFuMo_163,1.4148,-58.1796,-56.9544,right,Cerebellum,DiFuMo1024
Subcortex_DiFuMo_166,-32.2936,-72.7782,4.3555,left,Subcortex,DiFuMo1024
Subcortex_DiFuMo_167,-0.0154,-8.0559,11.8090,midline,Subcortex,DiFuMo1024
Brainstem_DiFuMo_169,2.0027,-71.7973,-25.4399,right,Brainstem,DiFuMo1024
Subcortex_DiFuMo_171,-17.9640,-31.2003,-5.8253,left,Subcortex,DiFuMo1024
Subcortex_DiFuMo_173,16.2531,-79.7474,-19.7881,right,Subcortex,DiFuMo1024
Subcortex_DiFuMo_174,9.4073,57.9246,18.4332,right,Subcortex,DiFuMo1024
Subcortex_DiFuMo_177,30.7953,-65.7465,41.1244,right,Subcortex,DiFuMo1024
Brainstem_DiFuMo_180,-6.3519,-1.4155,-7.0342,left,Brainstem,DiFuMo1024
Subcortex_DiFuMo_182,-38.4621,-24.2195,35.9404,left,Subcortex,DiFuMo1024
Subcortex_DiFuMo_185,-15.9957,-1.7399,59.1251,left,Subcortex,DiFuMo1024
Subcortex_DiFuMo_186,-27.6474,-47.6038,23.1500,left,Subcortex,DiFuMo1024
Subcortex_DiFuMo_187,-43.3777,-75.8354,35.2863,left,Subcortex,DiFuMo1024
Subcortex_DiFuMo_190,16.7623,-1.2854,56.4686,right,Subcortex,DiFuMo1024
Subcortex_DiFuMo_192,-22.0886,33.2868,55.0155,left,Subcortex,DiFuMo1024
Subcortex_DiFuMo_193,20.0916,-50.0405,46.2334,right,Subcortex,DiFuMo1024
Subcortex_DiFuMo_194,25.3357,56.1543,5.4948,right,Subcortex,DiFuMo1024
Subcortex_DiFuMo_195,-0.9714,-13.6275,23.1906,midline,Subcortex,DiFuMo1024
Subcortex_DiFuMo_197,-44.4582,-37.0670,34.6573,left,Subcortex,DiFuMo1024
Subcortex_DiFuMo_199,-17.3008,-18.0222,-4.9964,left,Subcortex,DiFuMo1024
Subcortex_DiFuMo_202,-19.9138,-52.3758,32.4938,left,Subcortex,DiFuMo1024
Subcortex_DiFuMo_207,-41.5289,-58.8223,1.8702,left,Subcortex,DiFuMo1024
Subcortex_DiFuMo_208,-26.4949,2.2901,51.6218,left,Subcortex,DiFuMo1024
Subcortex_DiFuMo_209,-1.6840,20.2239,12.5918,left,Subcortex,DiFuMo1024
Subcortex_DiFuMo_212,45.8840,5.6236,33.4607,right,Subcortex,DiFuMo1024
Subcortex_DiFuMo_214,-0.5381,68.0486,8.0408,midline,Subcortex,DiFuMo1024
Cerebellum_DiFuMo_215,-0.7770,-26.0327,-39.9716,midline,Cerebellum,DiFuMo1024
Subcortex_DiFuMo_216,-27.8388,-64.7865,-28.6676,left,Subcortex,DiFuMo1024
Subcortex_DiFuMo_217,52.9497,29.0272,7.7555,right,Subcortex,DiFuMo1024
Subcortex_DiFuMo_219,-1.2910,-24.9176,23.4594,left,Subcortex,DiFuMo1024
Subcortex_DiFuMo_220,30.3885,1.2609,-9.1544,right,Subcortex,DiFuMo1024
Subcortex_DiFuMo_221,33.3947,-14.2528,60.4064,right,Subcortex,DiFuMo1024
Subcortex_DiFuMo_227,-46.5534,-69.4705,47.1616,left,Subcortex,DiFuMo1024
Subcortex_DiFuMo_228,12.1709,9.0276,-1.3972,right,Subcortex,DiFuMo1024
Subcortex_DiFuMo_229,44.8644,-53.1522,9.1000,right,Subcortex,DiFuMo1024
Subcortex_DiFuMo_231,21.0931,-13.9183,50.6696,right,Subcortex,DiFuMo1024
Subcortex_DiFuMo_232,-35.6985,-9.8429,63.6075,left,Subcortex,DiFuMo1024
Subcortex_DiFuMo_234,-9.9698,39.5843,3.4189,left,Subcortex,DiFuMo1024
Cerebellum_DiFuMo_235,-42.5873,-59.7729,-39.4929,left,Cerebellum,DiFuMo1024
Subcortex_DiFuMo_237,48.0812,15.7991,-2.9202,right,Subcortex,DiFuMo1024
Subcortex_DiFuMo_239,51.1660,12.5297,43.4803,right,Subcortex,DiFuMo1024
Subcortex_DiFuMo_240,8.2986,-9.6568,77.5217,right,Subcortex,DiFuMo1024
Subcortex_DiFuMo_245,54.7911,-15.3905,-23.2039,right,Subcortex,DiFuMo1024
Brainstem_DiFuMo_247,0.1822,-76.7746,-12.7305,midline,Brainstem,DiFuMo1024
Subcortex_DiFuMo_250,-0.9701,0.5110,14.6707,midline,Subcortex,DiFuMo1024
Cerebellum_DiFuMo_251,-39.7242,-69.0264,-31.7120,left,Cerebellum,DiFuMo1024
Subcortex_DiFuMo_255,0.4483,-17.1306,18.5078,midline,Subcortex,DiFuMo1024
Brainstem_DiFuMo_257,0.0372,-37.4317,-18.5543,midline,Brainstem,DiFuMo1024
Subcortex_DiFuMo_259,-44.6657,-54.6018,58.8724,left,Subcortex,DiFuMo1024
Cerebellum_DiFuMo_260,-0.6038,-48.9692,-32.9227,midline,Cerebellum,DiFuMo1024
Subcortex_DiFuMo_270,36.3884,-79.9457,-8.4376,right,Subcortex,DiFuMo1024
Subcortex_DiFuMo_271,14.4262,60.7012,1.2197,right,Subcortex,DiFuMo1024
Subcortex_DiFuMo_275,-17.6395,-57.7877,46.8224,left,Subcortex,DiFuMo1024
Subcortex_DiFuMo_277,-54.3201,-10.2543,52.7264,left,Subcortex,DiFuMo1024
Brainstem_DiFuMo_279,-0.7418,-14.5420,-14.8331,midline,Brainstem,DiFuMo1024
Subcortex_DiFuMo_280,-3.8173,-20.9732,1.5624,left,Subcortex,DiFuMo1024
Subcortex_DiFuMo_281,30.4310,65.1852,9.7215,right,Subcortex,DiFuMo1024
Brainstem_DiFuMo_282,-1.8303,-63.1349,-21.6141,left,Brainstem,DiFuMo1024
Subcortex_DiFuMo_286,-29.3920,-15.8254,-24.4455,left,Subcortex,DiFuMo1024
Subcortex_DiFuMo_287,-13.5931,-88.2312,27.7816,left,Subcortex,DiFuMo1024
Cerebellum_DiFuMo_289,2.6169,-55.2603,-33.3530,right,Cerebellum,DiFuMo1024
Cerebellum_DiFuMo_290,-3.4133,-68.1487,-52.8374,left,Cerebellum,DiFuMo1024
Subcortex_DiFuMo_291,19.4214,-21.5496,4.9421,right,Subcortex,DiFuMo1024
Subcortex_DiFuMo_292,-42.4851,56.9580,-2.6837,left,Subcortex,DiFuMo1024
Subcortex_DiFuMo_295,1.9439,-75.5869,37.1972,right,Subcortex,DiFuMo1024
Subcortex_DiFuMo_298,37.6105,13.9756,50.6887,right,Subcortex,DiFuMo1024
Cerebellum_DiFuMo_299,-4.8827,-84.4942,-39.5005,left,Cerebellum,DiFuMo1024
Brainstem_DiFuMo_301,-7.2676,-38.8887,-16.8169,left,Brainstem,DiFuMo1024
Subcortex_DiFuMo_304,-40.4613,1.4039,15.8982,left,Subcortex,DiFuMo1024
Subcortex_DiFuMo_308,-32.9375,-1.2922,20.7572,left,Subcortex,DiFuMo1024
Subcortex_DiFuMo_309,-18.8436,15.9492,8.7843,left,Subcortex,DiFuMo1024
Subcortex_DiFuMo_310,18.5120,8.8751,-8.0648,right,Subcortex,DiFuMo1024
Subcortex_DiFuMo_311,-29.2973,-59.6274,25.4380,left,Subcortex,DiFuMo1024
Subcortex_DiFuMo_312,-21.7044,16.2628,22.4337,left,Subcortex,DiFuMo1024
Subcortex_DiFuMo_315,28.2370,-27.5730,17.3929,right,Subcortex,DiFuMo1024
Brainstem_DiFuMo_316,-0.0298,-2.5214,-6.4365,midline,Brainstem,DiFuMo1024
Subcortex_DiFuMo_317,-0.1685,13.8626,61.2834,midline,Subcortex,DiFuMo1024
Cerebellum_DiFuMo_318,0.1200,-67.7646,-33.2449,midline,Cerebellum,DiFuMo1024
Subcortex_DiFuMo_319,38.4859,-48.3733,14.1161,right,Subcortex,DiFuMo1024
Cerebellum_DiFuMo_320,-0.5522,-42.1535,-39.8562,midline,Cerebellum,DiFuMo1024
Subcortex_DiFuMo_322,14.2331,-91.7392,2.7357,right,Subcortex,DiFuMo1024
Subcortex_DiFuMo_323,-14.8973,29.3804,5.8990,left,Subcortex,DiFuMo1024
Subcortex_DiFuMo_325,-1.4859,-19.8854,76.5532,left,Subcortex,DiFuMo1024
Subcortex_DiFuMo_326,-9.4798,-9.8372,55.3521,left,Subcortex,DiFuMo1024
Subcortex_DiFuMo_328,-9.3301,-60.0976,70.3124,left,Subcortex,DiFuMo1024
Subcortex_DiFuMo_336,26.9998,1.4717,47.9387,right,Subcortex,DiFuMo1024
Subcortex_DiFuMo_338,23.1665,14.3092,39.1016,right,Subcortex,DiFuMo1024
Subcortex_DiFuMo_340,32.4865,-65.9305,12.6242,right,Subcortex,DiFuMo1024
Subcortex_DiFuMo_343,58.6689,-47.2443,-8.2115,right,Subcortex,DiFuMo1024
Subcortex_DiFuMo_345,-12.7408,62.9541,18.3956,left,Subcortex,DiFuMo1024
Cerebellum_DiFuMo_346,38.0074,-62.1292,-32.1084,right,Cerebellum,DiFuMo1024
Subcortex_DiFuMo_351,-27.8307,-55.9080,-22.9837,left,Subcortex,DiFuMo1024
Subcortex_DiFuMo_354,25.7948,49.6822,-3.7712,right,Subcortex,DiFuMo1024
Subcortex_DiFuMo_355,27.1522,40.0241,-10.3119,right,Subcortex,DiFuMo1024
Cerebellum_DiFuMo_357,7.0038,-62.9261,-38.6856,right,Cerebellum,DiFuMo1024
Subcortex_DiFuMo_358,-27.4895,-6.2857,32.0925,left,Subcortex,DiFuMo1024
Subcortex_DiFuMo_360,-27.8403,59.5706,-8.1040,left,Subcortex,DiFuMo1024
Subcortex_DiFuMo_363,-30.3699,-61.3961,16.1058,left,Subcortex,DiFuMo1024
Subcortex_DiFuMo_365,37.1040,54.3936,3.1248,right,Subcortex,DiFuMo1024
Subcortex_DiFuMo_366,5.2772,52.3393,17.1072,right,Subcortex,DiFuMo1024
Brainstem_DiFuMo_369,-4.6183,-18.4710,-19.1257,left,Brainstem,DiFuMo1024
Subcortex_DiFuMo_370,22.8514,14.1440,30.2322,right,Subcortex,DiFuMo1024
Subcortex_DiFuMo_374,-1.4726,-5.8120,27.1762,left,Subcortex,DiFuMo1024
Subcortex_DiFuMo_375,45.9719,-6.5143,41.8101,right,Subcortex,DiFuMo1024
Subcortex_DiFuMo_378,40.6814,-30.5174,-0.5970,right,Subcortex,DiFuMo1024
Subcortex_DiFuMo_379,-10.3163,-99.0318,18.9770,left,Subcortex,DiFuMo1024
Subcortex_DiFuMo_381,31.5517,-14.6580,30.6077,right,Subcortex,DiFuMo1024
Subcortex_DiFuMo_383,0.4463,48.2858,47.0892,midline,Subcortex,DiFuMo1024
Subcortex_DiFuMo_384,-19.1989,-51.1371,-27.9511,left,Subcortex,DiFuMo1024
Subcortex_DiFuMo_385,3.2399,-30.0517,6.0498,right,Subcortex,DiFuMo1024
Subcortex_DiFuMo_386,33.8780,-71.4846,27.6968,right,Subcortex,DiFuMo1024
Subcortex_DiFuMo_390,-25.9938,-77.4904,-7.1664,left,Subcortex,DiFuMo1024
Subcortex_DiFuMo_391,27.4109,-25.4141,-2.7362,right,Subcortex,DiFuMo1024
Subcortex_DiFuMo_393,25.6568,-59.4518,42.3324,right,Subcortex,DiFuMo1024
Subcortex_DiFuMo_394,34.7932,23.0879,30.7092,right,Subcortex,DiFuMo1024
Subcortex_DiFuMo_398,0.9846,11.5832,15.3145,midline,Subcortex,DiFuMo1024
Subcortex_DiFuMo_400,-24.6459,-91.8105,-7.9527,left,Subcortex,DiFuMo1024
Subcortex_DiFuMo_402,21.3318,22.5550,21.2118,right,Subcortex,DiFuMo1024
Brainstem_DiFuMo_403,0.4635,-62.6437,-2.1683,midline,Brainstem,DiFuMo1024
Subcortex_DiFuMo_404,0.8143,40.2636,26.4614,midline,Subcortex,DiFuMo1024
Subcortex_DiFuMo_405,-29.7225,39.5161,-2.4463,left,Subcortex,DiFuMo1024
Subcortex_DiFuMo_406,-10.7089,-52.8166,14.2079,left,Subcortex,DiFuMo1024
Cerebellum_DiFuMo_408,-2.2712,-65.4501,-40.4406,left,Cerebellum,DiFuMo1024
Cerebellum_DiFuMo_410,-0.6487,-53.5987,-38.8301,midline,Cerebellum,DiFuMo1024
Subcortex_DiFuMo_415,-57.9567,-13.6726,9.0082,left,Subcortex,DiFuMo1024
Brainstem_DiFuMo_416,0.7626,-55.7139,-7.2913,midline,Brainstem,DiFuMo1024
Brainstem_DiFuMo_419,-0.7795,-37.8279,-8.4731,midline,Brainstem,DiFuMo1024
Brainstem_DiFuMo_424,-7.0057,-0.4923,-15.0260,left,Brainstem,DiFuMo1024
Subcortex_DiFuMo_425,-13.5269,17.4094,2.9552,left,Subcortex,DiFuMo1024
Subcortex_DiFuMo_435,-53.8916,-9.6112,42.5977,left,Subcortex,DiFuMo1024
Subcortex_DiFuMo_437,22.2554,-8.2559,31.1098,right,Subcortex,DiFuMo1024
Subcortex_DiFuMo_439,-10.1862,21.4913,64.9252,left,Subcortex,DiFuMo1024
Subcortex_DiFuMo_440,10.4412,-11.6102,8.3736,right,Subcortex,DiFuMo1024
Cerebellum_DiFuMo_441,7.3228,-79.4970,-46.6942,right,Cerebellum,DiFuMo1024
Subcortex_DiFuMo_443,18.0237,-22.1491,12.1758,right,Subcortex,DiFuMo1024
Subcortex_DiFuMo_445,51.3254,-59.1216,49.1546,right,Subcortex,DiFuMo1024
Cerebellum_DiFuMo_446,18.1308,-8.1476,-32.4257,right,Cerebellum,DiFuMo1024
Subcortex_DiFuMo_449,-0.1489,68.0109,20.5238,midline,Subcortex,DiFuMo1024
Subcortex_DiFuMo_450,42.3942,35.0037,30.2897,right,Subcortex,DiFuMo1024
Subcortex_DiFuMo_451,-11.2422,51.7344,8.9238,left,Subcortex,DiFuMo1024
Brainstem_DiFuMo_452,-0.4519,-31.9312,-25.3340,midline,Brainstem,DiFuMo1024
Subcortex_DiFuMo_453,23.7751,29.4257,11.3597,right,Subcortex,DiFuMo1024
Subcortex_DiFuMo_454,-11.8795,-3.3546,76.1696,left,Subcortex,DiFuMo1024
Cerebellum_DiFuMo_455,-33.5747,-44.2492,-38.4499,left,Cerebellum,DiFuMo1024
Subcortex_DiFuMo_458,23.8806,38.9791,2.5009,right,Subcortex,DiFuMo1024
Cerebellum_DiFuMo_459,32.3061,3.1789,-32.4869,right,Cerebellum,DiFuMo1024
Subcortex_DiFuMo_461,-18.6912,-51.7632,9.7449,left,Subcortex,DiFuMo1024
Cerebellum_DiFuMo_463,-33.9016,-81.8990,-33.9994,left,Cerebellum,DiFuMo1024
Subcortex_DiFuMo_464,28.7736,11.9902,21.3053,right,Subcortex,DiFuMo1024
Subcortex_DiFuMo_468,0.0539,-23.6662,17.7194,midline,Subcortex,DiFuMo1024
Subcortex_DiFuMo_469,40.1406,-62.2979,44.8628,right,Subcortex,DiFuMo1024
Subcortex_DiFuMo_471,-32.4610,52.4651,-0.5383,left,Subcortex,DiFuMo1024
Subcortex_DiFuMo_474,-12.2876,40.5271,22.5974,left,Subcortex,DiFuMo1024
Brainstem_DiFuMo_475,-0.0978,-46.4187,-6.1405,midline,Brainstem,DiFuMo1024
Subcortex_DiFuMo_477,-21.4201,45.9482,6.0030,left,Subcortex,DiFuMo1024
Cerebellum_DiFuMo_478,-3.9739,-16.1708,-31.3653,left,Cerebellum,DiFuMo1024
Brainstem_DiFuMo_479,10.3026,-37.8297,-1.4749,right,Brainstem,DiFuMo1024
Subcortex_DiFuMo_482,-34.7170,25.7949,49.9052,left,Subcortex,DiFuMo1024
Subcortex_DiFuMo_484,-10.0437,-10.7908,21.3627,left,Subcortex,DiFuMo1024
Brainstem_DiFuMo_488,-1.4517,-10.5459,-1.5362,left,Brainstem,DiFuMo1024
Cerebellum_DiFuMo_490,-0.8077,-36.7278,-35.3873,midline,Cerebellum,DiFuMo1024
Subcortex_DiFuMo_493,-46.6602,21.1646,-6.6979,left,Subcortex,DiFuMo1024
Subcortex_DiFuMo_499,-47.3541,-2.8814,-2.7421,left,Subcortex,DiFuMo1024
Subcortex_DiFuMo_500,-31.6819,-39.1532,5.3096,left,Subcortex,DiFuMo1024
Cerebellum_DiFuMo_501,35.8966,-67.3556,-44.9977,right,Cerebellum,DiFuMo1024
Subcortex_DiFuMo_507,0.0555,-24.3855,69.7001,midline,Subcortex,DiFuMo1024
Subcortex_DiFuMo_510,46.6040,-43.2652,-8.1724,right,Subcortex,DiFuMo1024
Subcortex_DiFuMo_515,37.4207,-2.0042,27.5542,right,Subcortex,DiFuMo1024
Subcortex_DiFuMo_516,11.1808,-3.2529,64.2977,right,Subcortex,DiFuMo1024
Subcortex_DiFuMo_517,32.9459,-55.9910,25.2694,right,Subcortex,DiFuMo1024
Subcortex_DiFuMo_518,-0.4639,7.5930,8.3617,midline,Subcortex,DiFuMo1024
Subcortex_DiFuMo_519,1.7780,-8.9421,45.4910,right,Subcortex,DiFuMo1024
Subcortex_DiFuMo_521,-41.9408,-22.0635,64.5087,left,Subcortex,DiFuMo1024
Subcortex_DiFuMo_522,11.8997,-61.7378,56.0163,right,Subcortex,DiFuMo1024
Cerebellum_DiFuMo_523,-6.1584,18.0463,-30.9017,left,Cerebellum,DiFuMo1024
Subcortex_DiFuMo_526,36.1322,26.1277,7.5724,right,Subcortex,DiFuMo1024
Subcortex_DiFuMo_528,0.1553,-47.2707,6.7065,midline,Subcortex,DiFuMo1024
Brainstem_DiFuMo_529,7.8128,-16.2853,-8.0233,right,Brainstem,DiFuMo1024
Cerebellum_DiFuMo_530,35.6692,-69.2208,-37.1272,right,Cerebellum,DiFuMo1024
Subcortex_DiFuMo_531,66.5235,-39.9740,-1.0163,right,Subcortex,DiFuMo1024
Subcortex_DiFuMo_533,-13.8870,40.2794,30.6457,left,Subcortex,DiFuMo1024
Subcortex_DiFuMo_538,51.8622,-5.7890,4.0739,right,Subcortex,DiFuMo1024
Subcortex_DiFuMo_539,-39.5371,-50.3909,29.5251,left,Subcortex,DiFuMo1024
Subcortex_DiFuMo_540,0.4874,-8.7631,60.2114,midline,Subcortex,DiFuMo1024
Subcortex_DiFuMo_541,44.5870,-34.4891,49.1304,right,Subcortex,DiFuMo1024
Subcortex_DiFuMo_547,3.3606,31.3449,47.9379,right,Subcortex,DiFuMo1024
Subcortex_DiFuMo_548,30.7359,-52.8703,-8.4356,right,Subcortex,DiFuMo1024
Subcortex_DiFuMo_550,43.1204,16.1391,-7.4979,right,Subcortex,DiFuMo1024
Subcortex_DiFuMo_551,-35.9941,-73.2582,-24.9588,left,Subcortex,DiFuMo1024
Subcortex_DiFuMo_552,-11.2166,-22.1872,62.1605,left,Subcortex,DiFuMo1024
Subcortex_DiFuMo_555,24.1573,36.5928,40.2584,right,Subcortex,DiFuMo1024
Subcortex_DiFuMo_556,54.7925,-29.9784,18.0893,right,Subcortex,DiFuMo1024
Subcortex_DiFuMo_557,48.5840,-26.5420,10.5446,right,Subcortex,DiFuMo1024
Brainstem_DiFuMo_559,0.7481,-13.8858,-23.4063,midline,Brainstem,DiFuMo1024
Subcortex_DiFuMo_561,-32.3173,-37.9550,28.5464,left,Subcortex,DiFuMo1024
Cerebellum_DiFuMo_563,0.0141,-76.9643,-38.5592,midline,Cerebellum,DiFuMo1024
Subcortex_DiFuMo_566,-8.1776,20.9467,1.0043,left,Subcortex,DiFuMo1024
Subcortex_DiFuMo_568,-23.8556,-42.6171,50.0697,left,Subcortex,DiFuMo1024
Subcortex_DiFuMo_572,-34.8721,-76.7474,17.0555,left,Subcortex,DiFuMo1024
Subcortex_DiFuMo_573,-27.1507,-49.3030,72.5856,left,Subcortex,DiFuMo1024
Subcortex_DiFuMo_574,-31.4151,23.6882,35.5437,left,Subcortex,DiFuMo1024
Subcortex_DiFuMo_575,37.6678,-57.4513,60.6892,right,Subcortex,DiFuMo1024
Subcortex_DiFuMo_576,41.0041,-38.5392,32.6039,right,Subcortex,DiFuMo1024
Subcortex_DiFuMo_577,-22.1261,-3.2610,7.3537,left,Subcortex,DiFuMo1024
Subcortex_DiFuMo_578,5.3256,29.8241,60.7855,right,Subcortex,DiFuMo1024
Subcortex_DiFuMo_580,13.5475,36.3163,49.8807,right,Subcortex,DiFuMo1024
Subcortex_DiFuMo_581,-0.8917,-51.9059,67.1567,midline,Subcortex,DiFuMo1024
Brainstem_DiFuMo_582,0.7653,-44.3337,-0.4476,midline,Brainstem,DiFuMo1024
Subcortex_DiFuMo_585,17.2797,22.7138,47.1014,right,Subcortex,DiFuMo1024
Subcortex_DiFuMo_590,37.4680,-61.9074,-10.2473,right,Subcortex,DiFuMo1024
Subcortex_DiFuMo_592,-24.1522,5.0222,40.7698,left,Subcortex,DiFuMo1024
Subcortex_DiFuMo_596,39.1306,-14.3027,-5.4930,right,Subcortex,DiFuMo1024
Subcortex_DiFuMo_598,25.0069,-20.4829,41.4610,right,Subcortex,DiFuMo1024
Brainstem_DiFuMo_599,-0.4670,47.5340,-17.3034,midline,Brainstem,DiFuMo1024
Subcortex_DiFuMo_600,27.2146,-34.2627,75.0514,right,Subcortex,DiFuMo1024
Brainstem_DiFuMo_603,6.8437,-32.5267,-16.4138,right,Brainstem,DiFuMo1024
Subcortex_DiFuMo_604,11.3541,-83.5318,16.9551,right,Subcortex,DiFuMo1024
Subcortex_DiFuMo_605,-30.9562,0.3500,2.3365,left,Subcortex,DiFuMo1024
Subcortex_DiFuMo_609,1.3038,-3.5845,4.9100,right,Subcortex,DiFuMo1024
Subcortex_DiFuMo_612,0.1356,-53.1250,1.4076,midline,Subcortex,DiFuMo1024
Subcortex_DiFuMo_614,16.2826,16.2629,3.1530,right,Subcortex,DiFuMo1024
Subcortex_DiFuMo_616,-0.1787,1.8384,26.0292,midline,Subcortex,DiFuMo1024
Subcortex_DiFuMo_618,-30.7765,11.5613,61.8496,left,Subcortex,DiFuMo1024
Brainstem_DiFuMo_620,0.2852,-86.9957,-2.6594,midline,Brainstem,DiFuMo1024
Subcortex_DiFuMo_622,55.5297,-33.9387,40.3259,right,Subcortex,DiFuMo1024
Subcortex_DiFuMo_623,-3.2843,-40.3917,15.2182,left,Subcortex,DiFuMo1024
Cerebellum_DiFuMo_624,-26.1855,-53.3247,-45.6860,left,Cerebellum,DiFuMo1024
Brainstem_DiFuMo_625,-0.8045,-30.2471,-16.6772,midline,Brainstem,DiFuMo1024
Subcortex_DiFuMo_626,-28.6928,37.9687,21.0314,left,Subcortex,DiFuMo1024
Subcortex_DiFuMo_627,49.5684,31.4531,34.0012,right,Subcortex,DiFuMo1024
Subcortex_DiFuMo_628,24.0810,7.3689,9.1860,right,Subcortex,DiFuMo1024
Subcortex_DiFuMo_629,7.6081,42.6867,51.2665,right,Subcortex,DiFuMo1024
Subcortex_DiFuMo_630,0.2411,55.0215,27.8277,midline,Subcortex,DiFuMo1024
Subcortex_DiFuMo_631,25.1489,-33.7217,4.6088,right,Subcortex,DiFuMo1024
Subcortex_DiFuMo_634,28.3069,-53.3629,-28.6063,right,Subcortex,DiFuMo1024
Subcortex_DiFuMo_635,54.2060,-10.2698,44.2574,right,Subcortex,DiFuMo1024
Subcortex_DiFuMo_636,19.5077,44.7296,12.4180,right,Subcortex,DiFuMo1024
Cerebellum_DiFuMo_638,30.8685,-45.7696,-43.8858,right,Cerebellum,DiFuMo1024
Subcortex_DiFuMo_639,-18.6344,-18.6449,9.2972,left,Subcortex,DiFuMo1024
Cerebellum_DiFuMo_640,5.2999,-85.4553,-31.7623,right,Cerebellum,DiFuMo1024
Subcortex_DiFuMo_641,-33.0636,61.9182,11.0355,left,Subcortex,DiFuMo1024
Brainstem_DiFuMo_642,0.1540,-40.5277,-28.4917,midline,Brainstem,DiFuMo1024
Subcortex_DiFuMo_643,-31.8464,-12.1614,3.5583,left,Subcortex,DiFuMo1024
Subcortex_DiFuMo_644,5.3031,39.6189,38.3028,right,Subcortex,DiFuMo1024
Subcortex_DiFuMo_645,42.2322,-65.1130,8.5556,right,Subcortex,DiFuMo1024
Brainstem_DiFuMo_646,0.8753,-49.2363,-26.2654,midline,Brainstem,DiFuMo1024
Cerebellum_DiFuMo_648,-23.7403,-72.8615,-38.4144,left,Cerebellum,DiFuMo1024
Subcortex_DiFuMo_650,-12.7855,-51.1376,66.4682,left,Subcortex,DiFuMo1024
Subcortex_DiFuMo_651,1.0447,27.0157,57.4787,right,Subcortex,DiFuMo1024
Subcortex_DiFuMo_655,18.0612,67.6217,-0.5979,right,Subcortex,DiFuMo1024
Subcortex_DiFuMo_657,-30.5021,-29.0183,21.7462,left,Subcortex,DiFuMo1024
Subcortex_DiFuMo_658,-44.1499,-13.2385,-26.6018,left,Subcortex,DiFuMo1024
Subcortex_DiFuMo_659,-18.3881,-45.2087,73.2212,left,Subcortex,DiFuMo1024
Subcortex_DiFuMo_660,48.2464,-2.5104,54.5003,right,Subcortex,DiFuMo1024
Cerebellum_DiFuMo_663,19.6800,-78.9220,-30.2561,right,Cerebellum,DiFuMo1024
Brainstem_DiFuMo_665,0.4246,42.4253,-4.7330,midline,Brainstem,DiFuMo1024
Brainstem_DiFuMo_666,-1.9167,64.0851,-2.4208,left,Brainstem,DiFuMo1024
Subcortex_DiFuMo_667,-43.3558,-27.3795,-12.6972,left,Subcortex,DiFuMo1024
Brainstem_DiFuMo_671,4.3540,-46.4264,-15.1496,right,Brainstem,DiFuMo1024
Subcortex_DiFuMo_672,-20.9019,-83.8050,2.3036,left,Subcortex,DiFuMo1024
Subcortex_DiFuMo_673,-56.7330,23.2949,19.2907,left,Subcortex,DiFuMo1024
Subcortex_DiFuMo_674,-14.8462,49.9527,35.2469,left,Subcortex,DiFuMo1024
Brainstem_DiFuMo_677,9.1320,-7.8166,-11.7180,right,Brainstem,DiFuMo1024
Subcortex_DiFuMo_678,-26.9907,-2.3727,12.2002,left,Subcortex,DiFuMo1024
Subcortex_DiFuMo_682,32.4558,55.9162,-11.4160,right,Subcortex,DiFuMo1024
Subcortex_DiFuMo_683,-26.5666,26.2174,27.0745,left,Subcortex,DiFuMo1024
Subcortex_DiFuMo_686,-46.9765,44.8042,20.8294,left,Subcortex,DiFuMo1024
Subcortex_DiFuMo_688,-55.9963,-5.5095,-26.5057,left,Subcortex,DiFuMo1024
Brainstem_DiFuMo_689,-5.7783,-80.8886,-25.5988,left,Brainstem,DiFuMo1024
Subcortex_DiFuMo_696,17.5343,-29.7233,60.5663,right,Subcortex,DiFuMo1024
Subcortex_DiFuMo_702,0.5955,-57.2829,55.7445,midline,Subcortex,DiFuMo1024
Subcortex_DiFuMo_704,33.2523,-39.2116,5.7119,right,Subcortex,DiFuMo1024
Subcortex_DiFuMo_705,-11.4927,-11.4193,38.5913,left,Subcortex,DiFuMo1024
Subcortex_DiFuMo_707,21.5474,-67.6472,-0.4773,right,Subcortex,DiFuMo1024
Subcortex_DiFuMo_711,14.6440,-3.6335,20.6257,right,Subcortex,DiFuMo1024
Subcortex_DiFuMo_712,-52.2007,-50.3700,3.9733,left,Subcortex,DiFuMo1024
Brainstem_DiFuMo_713,-6.3608,-42.2849,-23.3474,left,Brainstem,DiFuMo1024
Subcortex_DiFuMo_714,-0.4904,-54.9530,32.4922,midline,Subcortex,DiFuMo1024
Subcortex_DiFuMo_722,13.3934,41.9080,-16.6877,right,Subcortex,DiFuMo1024
Subcortex_DiFuMo_723,50.6299,-69.4458,-10.0568,right,Subcortex,DiFuMo1024
Subcortex_DiFuMo_725,27.5329,-23.6991,-21.3957,right,Subcortex,DiFuMo1024
Subcortex_DiFuMo_726,33.5694,-23.5944,50.4272,right,Subcortex,DiFuMo1024
Subcortex_DiFuMo_728,-1.9270,19.0716,2.8230,left,Subcortex,DiFuMo1024
Subcortex_DiFuMo_729,27.6659,55.1093,15.4735,right,Subcortex,DiFuMo1024
Brainstem_DiFuMo_731,-0.0830,-51.9021,-20.2067,midline,Brainstem,DiFuMo1024
Subcortex_DiFuMo_736,2.2525,-3.0280,68.8862,right,Subcortex,DiFuMo1024
Subcortex_DiFuMo_738,-45.2881,-21.0552,26.5262,left,Subcortex,DiFuMo1024
Subcortex_DiFuMo_740,-5.0261,42.9802,14.7815,left,Subcortex,DiFuMo1024
Subcortex_DiFuMo_743,3.0097,39.6221,54.5285,right,Subcortex,DiFuMo1024
Subcortex_DiFuMo_746,-8.5449,26.9533,35.6591,left,Subcortex,DiFuMo1024
Subcortex_DiFuMo_747,-0.8184,-67.4250,59.7303,midline,Subcortex,DiFuMo1024
Subcortex_DiFuMo_749,20.1072,-47.3549,55.7417,right,Subcortex,DiFuMo1024
Subcortex_DiFuMo_752,7.0395,-15.8067,60.6213,right,Subcortex,DiFuMo1024
Brainstem_DiFuMo_758,-3.6705,9.7332,-10.2028,left,Brainstem,DiFuMo1024
Subcortex_DiFuMo_759,-24.0454,-18.7111,17.6401,left,Subcortex,DiFuMo1024
Subcortex_DiFuMo_760,19.8563,-56.9949,-12.7555,right,Subcortex,DiFuMo1024
Subcortex_DiFuMo_764,-6.9215,55.9010,35.1290,left,Subcortex,DiFuMo1024
Subcortex_DiFuMo_769,-1.2141,-73.4969,21.0334,left,Subcortex,DiFuMo1024
Subcortex_DiFuMo_772,47.9558,32.0035,16.3624,right,Subcortex,DiFuMo1024
Subcortex_DiFuMo_778,37.3251,-38.1119,18.4977,right,Subcortex,DiFuMo1024
Subcortex_DiFuMo_781,17.7317,-38.4604,39.9873,right,Subcortex,DiFuMo1024
Cerebellum_DiFuMo_783,-10.9889,-74.0369,-31.3638,left,Cerebellum,DiFuMo1024
Subcortex_DiFuMo_785,58.8471,-36.9188,-12.1398,right,Subcortex,DiFuMo1024
Subcortex_DiFuMo_790,-38.1534,-8.2964,27.8453,left,Subcortex,DiFuMo1024
Subcortex_DiFuMo_794,42.2905,-25.5416,-13.6435,right,Subcortex,DiFuMo1024
Subcortex_DiFuMo_796,27.0224,-5.0916,67.8823,right,Subcortex,DiFuMo1024
Subcortex_DiFuMo_797,17.2461,18.0402,-10.7836,right,Subcortex,DiFuMo1024
Subcortex_DiFuMo_800,4.6150,-54.0105,8.9375,right,Subcortex,DiFuMo1024
Subcortex_DiFuMo_803,27.2424,24.0546,-15.8520,right,Subcortex,DiFuMo1024
Subcortex_DiFuMo_805,35.0528,44.1748,33.7993,right,Subcortex,DiFuMo1024
Subcortex_DiFuMo_806,42.3082,-24.5588,35.0218,right,Subcortex,DiFuMo1024
Cerebellum_DiFuMo_811,-1.8918,-30.7491,-48.7442,left,Cerebellum,DiFuMo1024
Subcortex_DiFuMo_815,28.9031,-17.8092,20.8170,right,Subcortex,DiFuMo1024
Subcortex_DiFuMo_816,26.4079,-86.4814,-16.8527,right,Subcortex,DiFuMo1024
Subcortex_DiFuMo_818,-52.0809,19.4933,40.0919,left,Subcortex,DiFuMo1024
Subcortex_DiFuMo_819,-15.1289,42.3156,-12.1256,left,Subcortex,DiFuMo1024
Subcortex_DiFuMo_822,-35.5141,-0.7827,-27.4375,left,Subcortex,DiFuMo1024
Subcortex_DiFuMo_824,-38.4774,-46.5477,-29.9660,left,Subcortex,DiFuMo1024
Subcortex_DiFuMo_825,14.0827,-65.1294,43.6379,right,Subcortex,DiFuMo1024
Cerebellum_DiFuMo_826,-1.2270,-0.6953,-40.0785,left,Cerebellum,DiFuMo1024
Subcortex_DiFuMo_828,23.5136,-47.0209,16.6137,right,Subcortex,DiFuMo1024
Subcortex_DiFuMo_832,1.9827,-69.3969,10.2018,right,Subcortex,DiFuMo1024
Subcortex_DiFuMo_834,23.8480,-3.5270,39.4219,right,Subcortex,DiFuMo1024
Cerebellum_DiFuMo_835,-24.5458,-59.7906,-35.0829,left,Cerebellum,DiFuMo1024
Subcortex_DiFuMo_837,0.4692,-44.0603,18.5329,midline,Subcortex,DiFuMo1024
Brainstem_DiFuMo_839,-1.9521,54.2197,-15.7031,left,Brainstem,DiFuMo1024
Subcortex_DiFuMo_840,27.5862,10.1461,-20.2534,right,Subcortex,DiFuMo1024
Subcortex_DiFuMo_844,50.9939,7.4488,17.0322,right,Subcortex,DiFuMo1024
Subcortex_DiFuMo_847,8.3139,20.2488,52.6024,right,Subcortex,DiFuMo1024
Subcortex_DiFuMo_850,-24.0244,8.7202,3.9641,left,Subcortex,DiFuMo1024
Subcortex_DiFuMo_852,30.5664,-41.7610,27.0637,right,Subcortex,DiFuMo1024
Subcortex_DiFuMo_854,-57.9906,-21.4994,-19.1438,left,Subcortex,DiFuMo1024
Brainstem_DiFuMo_856,-9.1133,-50.3489,-13.2634,left,Brainstem,DiFuMo1024
Subcortex_DiFuMo_860,-30.4661,25.1043,17.6648,left,Subcortex,DiFuMo1024
Brainstem_DiFuMo_861,2.6578,-23.6457,-27.5149,right,Brainstem,DiFuMo1024
Subcortex_DiFuMo_862,40.3580,-70.6580,35.7095,right,Subcortex,DiFuMo1024
Subcortex_DiFuMo_868,0.3523,26.2146,33.0751,midline,Subcortex,DiFuMo1024
Subcortex_DiFuMo_870,22.5046,-9.0968,-21.6968,right,Subcortex,DiFuMo1024
Subcortex_DiFuMo_871,14.9295,-50.0081,18.1306,right,Subcortex,DiFuMo1024
Subcortex_DiFuMo_872,26.4213,-65.1357,-19.1386,right,Subcortex,DiFuMo1024
Subcortex_DiFuMo_875,-17.5034,34.4777,-4.0167,left,Subcortex,DiFuMo1024
Subcortex_DiFuMo_878,30.0802,37.5607,29.7599,right,Subcortex,DiFuMo1024
Brainstem_DiFuMo_879,-0.5000,61.2786,-12.2756,midline,Brainstem,DiFuMo1024
Subcortex_DiFuMo_880,37.9577,-68.5750,-24.9200,right,Subcortex,DiFuMo1024
Cerebellum_DiFuMo_888,-1.4393,-41.9671,-52.5088,left,Cerebellum,DiFuMo1024
Brainstem_DiFuMo_889,-7.2017,6.0418,-3.7133,left,Brainstem,DiFuMo1024
Subcortex_DiFuMo_890,20.6860,-48.7239,-22.6117,right,Subcortex,DiFuMo1024
Brainstem_DiFuMo_892,-0.2223,-60.7271,-13.1309,midline,Brainstem,DiFuMo1024
Subcortex_DiFuMo_894,27.7942,48.7525,39.5990,right,Subcortex,DiFuMo1024
Cerebellum_DiFuMo_896,8.6767,-41.7160,-30.1076,right,Cerebellum,DiFuMo1024
Subcortex_DiFuMo_899,-25.2955,-38.8780,36.9895,left,Subcortex,DiFuMo1024
Cerebellum_DiFuMo_900,-37.3970,-70.4535,-44.7156,left,Cerebellum,DiFuMo1024
Subcortex_DiFuMo_907,-24.7900,-66.8437,2.5809,left,Subcortex,DiFuMo1024
Cerebellum_DiFuMo_909,3.0032,-64.3594,-45.6100,right,Cerebellum,DiFuMo1024
Subcortex_DiFuMo_910,-26.2729,-17.3415,38.3849,left,Subcortex,DiFuMo1024
Cerebellum_DiFuMo_911,31.3523,-44.9563,-36.2639,right,Cerebellum,DiFuMo1024
Subcortex_DiFuMo_914,-51.7072,-32.3426,51.9360,left,Subcortex,DiFuMo1024
Subcortex_DiFuMo_916,0.3647,-15.1634,7.9817,midline,Subcortex,DiFuMo1024
Subcortex_DiFuMo_923,35.4805,41.3905,6.4462,right,Subcortex,DiFuMo1024
Subcortex_DiFuMo_925,-63.8996,-24.3693,40.1111,left,Subcortex,DiFuMo1024
Subcortex_DiFuMo_929,-17.7877,-57.4000,-18.7642,left,Subcortex,DiFuMo1024
Cerebellum_DiFuMo_932,24.2316,-34.3443,-30.6607,right,Cerebellum,DiFuMo1024
Subcortex_DiFuMo_934,0.0407,-37.3919,22.1129,midline,Subcortex,DiFuMo1024
Subcortex_DiFuMo_936,26.0901,-81.7047,-0.6167,right,Subcortex,DiFuMo1024
Subcortex_DiFuMo_939,58.5692,-16.8972,25.1649,right,Subcortex,DiFuMo1024
Subcortex_DiFuMo_940,6.0183,-81.5579,45.9325,right,Subcortex,DiFuMo1024
Brainstem_DiFuMo_941,-1.2152,-21.1553,-11.1037,left,Brainstem,DiFuMo1024
Subcortex_DiFuMo_942,-42.8461,14.5211,33.8929,left,Subcortex,DiFuMo1024
Subcortex_DiFuMo_945,-39.4588,14.7821,26.4926,left,Subcortex,DiFuMo1024
Subcortex_DiFuMo_947,-7.6180,9.5215,70.5263,left,Subcortex,DiFuMo1024
Subcortex_DiFuMo_948,-30.3567,5.2891,22.6103,left,Subcortex,DiFuMo1024
Subcortex_DiFuMo_949,19.2538,43.8104,22.8858,right,Subcortex,DiFuMo1024
Subcortex_DiFuMo_952,-0.4095,-6.3666,74.0707,midline,Subcortex,DiFuMo1024
Subcortex_DiFuMo_956,17.7637,34.5043,-4.8814,right,Subcortex,DiFuMo1024
Subcortex_DiFuMo_957,-28.4335,-24.1983,30.4103,left,Subcortex,DiFuMo1024
Subcortex_DiFuMo_958,-25.8400,-84.8061,-23.0844,left,Subcortex,DiFuMo1024
Subcortex_DiFuMo_960,1.3732,-44.1052,74.9599,right,Subcortex,DiFuMo1024
Subcortex_DiFuMo_961,2.0337,-29.3819,54.9882,right,Subcortex,DiFuMo1024
Subcortex_DiFuMo_964,-10.0617,-39.6960,67.4659,left,Subcortex,DiFuMo1024
Subcortex_DiFuMo_968,-12.8984,-35.6423,30.6754,left,Subcortex,DiFuMo1024
Subcortex_DiFuMo_973,35.1275,3.3159,56.0818,right,Subcortex,DiFuMo1024
Subcortex_DiFuMo_975,-33.4451,46.2859,-14.5514,left,Subcortex,DiFuMo1024
Subcortex_DiFuMo_976,63.8221,-47.4421,23.2880,right,Subcortex,DiFuMo1024
Subcortex_DiFuMo_978,28.2351,-74.9017,33.5277,right,Subcortex,DiFuMo1024
Subcortex_DiFuMo_979,-44.6094,45.2782,-5.3270,left,Subcortex,DiFuMo1024
Subcortex_DiFuMo_982,-47.5474,-48.3245,-9.9571,left,Subcortex,DiFuMo1024
Cerebellum_DiFuMo_984,35.7295,-56.9041,-39.4172,right,Cerebellum,DiFuMo1024
Subcortex_DiFuMo_986,14.5897,-60.9748,-21.3024,right,Subcortex,DiFuMo1024
Subcortex_DiFuMo_989,13.1003,2.3236,13.9959,right,Subcortex,DiFuMo1024
Brainstem_DiFuMo_990,-10.8659,52.7751,-3.1569,left,Brainstem,DiFuMo1024
Cerebellum_DiFuMo_992,-22.3802,-81.1489,-31.8955,left,Cerebellum,DiFuMo1024
Subcortex_DiFuMo_995,-20.1039,-71.7581,-20.3476,left,Subcortex,DiFuMo1024
